family,n_activities,n_skills,n_resources,n_precedences,skill_factor,modified_resource_strength,network_complexity,network_density,mspsp_instance
set-1a,22,4,10,31,0.5,0.125,1.4090909090909092,0.0670995670995671,./modules/rcpsp-instances/MSPSP/set-1a/inst_set1a_sf0.5_nc1.5_n20_m10_00.dzn.txt
set-1a,22,4,10,31,0.5,0.125,1.4090909090909092,0.0670995670995671,./modules/rcpsp-instances/MSPSP/set-1a/inst_set1a_sf0.5_nc1.5_n20_m10_01.dzn.txt
set-1a,22,4,10,31,0.5,0.125,1.4090909090909092,0.0670995670995671,./modules/rcpsp-instances/MSPSP/set-1a/inst_set1a_sf0.5_nc1.5_n20_m10_02.dzn.txt
set-1a,22,4,10,31,0.5,0.125,1.4090909090909092,0.0670995670995671,./modules/rcpsp-instances/MSPSP/set-1a/inst_set1a_sf0.5_nc1.5_n20_m10_03.dzn.txt
set-1a,22,4,10,31,0.5,0.125,1.4090909090909092,0.0670995670995671,./modules/rcpsp-instances/MSPSP/set-1a/inst_set1a_sf0.5_nc1.5_n20_m10_04.dzn.txt
set-1a,22,4,10,31,0.5,0.125,1.4090909090909092,0.0670995670995671,./modules/rcpsp-instances/MSPSP/set-1a/inst_set1a_sf0.5_nc1.5_n20_m10_05.dzn.txt
set-1a,22,4,13,31,0.5,0.1625,1.4090909090909092,0.0670995670995671,./modules/rcpsp-instances/MSPSP/set-1a/inst_set1a_sf0.5_nc1.5_n20_m13_00.dzn.txt
set-1a,22,4,13,31,0.5,0.1625,1.4090909090909092,0.0670995670995671,./modules/rcpsp-instances/MSPSP/set-1a/inst_set1a_sf0.5_nc1.5_n20_m13_01.dzn.txt
set-1a,22,4,13,31,0.5,0.1625,1.4090909090909092,0.0670995670995671,./modules/rcpsp-instances/MSPSP/set-1a/inst_set1a_sf0.5_nc1.5_n20_m13_02.dzn.txt
set-1a,22,4,13,31,0.5,0.1625,1.4090909090909092,0.0670995670995671,./modules/rcpsp-instances/MSPSP/set-1a/inst_set1a_sf0.5_nc1.5_n20_m13_03.dzn.txt
set-1a,22,4,13,31,0.5,0.1625,1.4090909090909092,0.0670995670995671,./modules/rcpsp-instances/MSPSP/set-1a/inst_set1a_sf0.5_nc1.5_n20_m13_04.dzn.txt
set-1a,22,4,13,31,0.5,0.1625,1.4090909090909092,0.0670995670995671,./modules/rcpsp-instances/MSPSP/set-1a/inst_set1a_sf0.5_nc1.5_n20_m13_05.dzn.txt
set-1a,22,4,15,31,0.5,0.1875,1.4090909090909092,0.0670995670995671,./modules/rcpsp-instances/MSPSP/set-1a/inst_set1a_sf0.5_nc1.5_n20_m15_00.dzn.txt
set-1a,22,4,15,31,0.5,0.1875,1.4090909090909092,0.0670995670995671,./modules/rcpsp-instances/MSPSP/set-1a/inst_set1a_sf0.5_nc1.5_n20_m15_01.dzn.txt
set-1a,22,4,15,31,0.5,0.1875,1.4090909090909092,0.0670995670995671,./modules/rcpsp-instances/MSPSP/set-1a/inst_set1a_sf0.5_nc1.5_n20_m15_02.dzn.txt
set-1a,22,4,15,31,0.5,0.1875,1.4090909090909092,0.0670995670995671,./modules/rcpsp-instances/MSPSP/set-1a/inst_set1a_sf0.5_nc1.5_n20_m15_03.dzn.txt
set-1a,22,4,15,31,0.5,0.1875,1.4090909090909092,0.0670995670995671,./modules/rcpsp-instances/MSPSP/set-1a/inst_set1a_sf0.5_nc1.5_n20_m15_04.dzn.txt
set-1a,22,4,15,31,0.5,0.1875,1.4090909090909092,0.0670995670995671,./modules/rcpsp-instances/MSPSP/set-1a/inst_set1a_sf0.5_nc1.5_n20_m15_05.dzn.txt
set-1a,22,4,10,37,0.5,0.125,1.6818181818181819,0.08008658008658008,./modules/rcpsp-instances/MSPSP/set-1a/inst_set1a_sf0.5_nc1.8_n20_m10_00.dzn.txt
set-1a,22,4,10,37,0.5,0.125,1.6818181818181819,0.08008658008658008,./modules/rcpsp-instances/MSPSP/set-1a/inst_set1a_sf0.5_nc1.8_n20_m10_01.dzn.txt
set-1a,22,4,10,37,0.5,0.125,1.6818181818181819,0.08008658008658008,./modules/rcpsp-instances/MSPSP/set-1a/inst_set1a_sf0.5_nc1.8_n20_m10_02.dzn.txt
set-1a,22,4,10,37,0.5,0.125,1.6818181818181819,0.08008658008658008,./modules/rcpsp-instances/MSPSP/set-1a/inst_set1a_sf0.5_nc1.8_n20_m10_03.dzn.txt
set-1a,22,4,10,37,0.5,0.125,1.6818181818181819,0.08008658008658008,./modules/rcpsp-instances/MSPSP/set-1a/inst_set1a_sf0.5_nc1.8_n20_m10_04.dzn.txt
set-1a,22,4,10,37,0.5,0.125,1.6818181818181819,0.08008658008658008,./modules/rcpsp-instances/MSPSP/set-1a/inst_set1a_sf0.5_nc1.8_n20_m10_05.dzn.txt
set-1a,22,4,13,37,0.5,0.1625,1.6818181818181819,0.08008658008658008,./modules/rcpsp-instances/MSPSP/set-1a/inst_set1a_sf0.5_nc1.8_n20_m13_00.dzn.txt
set-1a,22,4,13,37,0.5,0.1625,1.6818181818181819,0.08008658008658008,./modules/rcpsp-instances/MSPSP/set-1a/inst_set1a_sf0.5_nc1.8_n20_m13_01.dzn.txt
set-1a,22,4,13,37,0.5,0.1625,1.6818181818181819,0.08008658008658008,./modules/rcpsp-instances/MSPSP/set-1a/inst_set1a_sf0.5_nc1.8_n20_m13_02.dzn.txt
set-1a,22,4,13,37,0.5,0.1625,1.6818181818181819,0.08008658008658008,./modules/rcpsp-instances/MSPSP/set-1a/inst_set1a_sf0.5_nc1.8_n20_m13_03.dzn.txt
set-1a,22,4,13,37,0.5,0.1625,1.6818181818181819,0.08008658008658008,./modules/rcpsp-instances/MSPSP/set-1a/inst_set1a_sf0.5_nc1.8_n20_m13_04.dzn.txt
set-1a,22,4,13,37,0.5,0.1625,1.6818181818181819,0.08008658008658008,./modules/rcpsp-instances/MSPSP/set-1a/inst_set1a_sf0.5_nc1.8_n20_m13_05.dzn.txt
set-1a,22,4,15,37,0.5,0.1875,1.6818181818181819,0.08008658008658008,./modules/rcpsp-instances/MSPSP/set-1a/inst_set1a_sf0.5_nc1.8_n20_m15_00.dzn.txt
set-1a,22,4,15,37,0.5,0.1875,1.6818181818181819,0.08008658008658008,./modules/rcpsp-instances/MSPSP/set-1a/inst_set1a_sf0.5_nc1.8_n20_m15_01.dzn.txt
set-1a,22,4,15,37,0.5,0.1875,1.6818181818181819,0.08008658008658008,./modules/rcpsp-instances/MSPSP/set-1a/inst_set1a_sf0.5_nc1.8_n20_m15_02.dzn.txt
set-1a,22,4,15,37,0.5,0.1875,1.6818181818181819,0.08008658008658008,./modules/rcpsp-instances/MSPSP/set-1a/inst_set1a_sf0.5_nc1.8_n20_m15_03.dzn.txt
set-1a,22,4,15,37,0.5,0.1875,1.6818181818181819,0.08008658008658008,./modules/rcpsp-instances/MSPSP/set-1a/inst_set1a_sf0.5_nc1.8_n20_m15_04.dzn.txt
set-1a,22,4,15,37,0.5,0.1875,1.6818181818181819,0.08008658008658008,./modules/rcpsp-instances/MSPSP/set-1a/inst_set1a_sf0.5_nc1.8_n20_m15_05.dzn.txt
set-1a,22,4,10,43,0.5,0.125,1.9545454545454546,0.09307359307359307,./modules/rcpsp-instances/MSPSP/set-1a/inst_set1a_sf0.5_nc2.1_n20_m10_00.dzn.txt
set-1a,22,4,10,43,0.5,0.125,1.9545454545454546,0.09307359307359307,./modules/rcpsp-instances/MSPSP/set-1a/inst_set1a_sf0.5_nc2.1_n20_m10_01.dzn.txt
set-1a,22,4,10,43,0.5,0.125,1.9545454545454546,0.09307359307359307,./modules/rcpsp-instances/MSPSP/set-1a/inst_set1a_sf0.5_nc2.1_n20_m10_02.dzn.txt
set-1a,22,4,10,43,0.5,0.125,1.9545454545454546,0.09307359307359307,./modules/rcpsp-instances/MSPSP/set-1a/inst_set1a_sf0.5_nc2.1_n20_m10_03.dzn.txt
set-1a,22,4,10,43,0.5,0.125,1.9545454545454546,0.09307359307359307,./modules/rcpsp-instances/MSPSP/set-1a/inst_set1a_sf0.5_nc2.1_n20_m10_04.dzn.txt
set-1a,22,4,10,43,0.5,0.125,1.9545454545454546,0.09307359307359307,./modules/rcpsp-instances/MSPSP/set-1a/inst_set1a_sf0.5_nc2.1_n20_m10_05.dzn.txt
set-1a,22,4,13,43,0.5,0.1625,1.9545454545454546,0.09307359307359307,./modules/rcpsp-instances/MSPSP/set-1a/inst_set1a_sf0.5_nc2.1_n20_m13_00.dzn.txt
set-1a,22,4,13,43,0.5,0.1625,1.9545454545454546,0.09307359307359307,./modules/rcpsp-instances/MSPSP/set-1a/inst_set1a_sf0.5_nc2.1_n20_m13_01.dzn.txt
set-1a,22,4,13,43,0.5,0.1625,1.9545454545454546,0.09307359307359307,./modules/rcpsp-instances/MSPSP/set-1a/inst_set1a_sf0.5_nc2.1_n20_m13_02.dzn.txt
set-1a,22,4,13,43,0.5,0.1625,1.9545454545454546,0.09307359307359307,./modules/rcpsp-instances/MSPSP/set-1a/inst_set1a_sf0.5_nc2.1_n20_m13_03.dzn.txt
set-1a,22,4,13,43,0.5,0.1625,1.9545454545454546,0.09307359307359307,./modules/rcpsp-instances/MSPSP/set-1a/inst_set1a_sf0.5_nc2.1_n20_m13_04.dzn.txt
set-1a,22,4,13,43,0.5,0.1625,1.9545454545454546,0.09307359307359307,./modules/rcpsp-instances/MSPSP/set-1a/inst_set1a_sf0.5_nc2.1_n20_m13_05.dzn.txt
set-1a,22,4,15,43,0.5,0.1875,1.9545454545454546,0.09307359307359307,./modules/rcpsp-instances/MSPSP/set-1a/inst_set1a_sf0.5_nc2.1_n20_m15_00.dzn.txt
set-1a,22,4,15,43,0.5,0.1875,1.9545454545454546,0.09307359307359307,./modules/rcpsp-instances/MSPSP/set-1a/inst_set1a_sf0.5_nc2.1_n20_m15_01.dzn.txt
set-1a,22,4,15,43,0.5,0.1875,1.9545454545454546,0.09307359307359307,./modules/rcpsp-instances/MSPSP/set-1a/inst_set1a_sf0.5_nc2.1_n20_m15_02.dzn.txt
set-1a,22,4,15,43,0.5,0.1875,1.9545454545454546,0.09307359307359307,./modules/rcpsp-instances/MSPSP/set-1a/inst_set1a_sf0.5_nc2.1_n20_m15_03.dzn.txt
set-1a,22,4,15,43,0.5,0.1875,1.9545454545454546,0.09307359307359307,./modules/rcpsp-instances/MSPSP/set-1a/inst_set1a_sf0.5_nc2.1_n20_m15_04.dzn.txt
set-1a,22,4,15,43,0.5,0.1875,1.9545454545454546,0.09307359307359307,./modules/rcpsp-instances/MSPSP/set-1a/inst_set1a_sf0.5_nc2.1_n20_m15_05.dzn.txt
set-1a,22,4,10,31,0.75,0.08333333333333333,1.4090909090909092,0.0670995670995671,./modules/rcpsp-instances/MSPSP/set-1a/inst_set1a_sf0.75_nc1.5_n20_m10_00.dzn.txt
set-1a,22,4,10,31,0.75,0.08333333333333333,1.4090909090909092,0.0670995670995671,./modules/rcpsp-instances/MSPSP/set-1a/inst_set1a_sf0.75_nc1.5_n20_m10_01.dzn.txt
set-1a,22,4,10,31,0.75,0.08333333333333333,1.4090909090909092,0.0670995670995671,./modules/rcpsp-instances/MSPSP/set-1a/inst_set1a_sf0.75_nc1.5_n20_m10_02.dzn.txt
set-1a,22,4,10,31,0.75,0.08333333333333333,1.4090909090909092,0.0670995670995671,./modules/rcpsp-instances/MSPSP/set-1a/inst_set1a_sf0.75_nc1.5_n20_m10_03.dzn.txt
set-1a,22,4,10,31,0.75,0.08333333333333333,1.4090909090909092,0.0670995670995671,./modules/rcpsp-instances/MSPSP/set-1a/inst_set1a_sf0.75_nc1.5_n20_m10_04.dzn.txt
set-1a,22,4,10,31,0.75,0.08333333333333333,1.4090909090909092,0.0670995670995671,./modules/rcpsp-instances/MSPSP/set-1a/inst_set1a_sf0.75_nc1.5_n20_m10_05.dzn.txt
set-1a,22,4,20,31,0.75,0.16666666666666666,1.4090909090909092,0.0670995670995671,./modules/rcpsp-instances/MSPSP/set-1a/inst_set1a_sf0.75_nc1.5_n20_m20_00.dzn.txt
set-1a,22,4,20,31,0.75,0.16666666666666666,1.4090909090909092,0.0670995670995671,./modules/rcpsp-instances/MSPSP/set-1a/inst_set1a_sf0.75_nc1.5_n20_m20_01.dzn.txt
set-1a,22,4,20,31,0.75,0.16666666666666666,1.4090909090909092,0.0670995670995671,./modules/rcpsp-instances/MSPSP/set-1a/inst_set1a_sf0.75_nc1.5_n20_m20_02.dzn.txt
set-1a,22,4,20,31,0.75,0.16666666666666666,1.4090909090909092,0.0670995670995671,./modules/rcpsp-instances/MSPSP/set-1a/inst_set1a_sf0.75_nc1.5_n20_m20_03.dzn.txt
set-1a,22,4,20,31,0.75,0.16666666666666666,1.4090909090909092,0.0670995670995671,./modules/rcpsp-instances/MSPSP/set-1a/inst_set1a_sf0.75_nc1.5_n20_m20_04.dzn.txt
set-1a,22,4,20,31,0.75,0.16666666666666666,1.4090909090909092,0.0670995670995671,./modules/rcpsp-instances/MSPSP/set-1a/inst_set1a_sf0.75_nc1.5_n20_m20_05.dzn.txt
set-1a,22,4,25,31,0.75,0.20833333333333334,1.4090909090909092,0.0670995670995671,./modules/rcpsp-instances/MSPSP/set-1a/inst_set1a_sf0.75_nc1.5_n20_m25_00.dzn.txt
set-1a,22,4,25,31,0.75,0.20833333333333334,1.4090909090909092,0.0670995670995671,./modules/rcpsp-instances/MSPSP/set-1a/inst_set1a_sf0.75_nc1.5_n20_m25_01.dzn.txt
set-1a,22,4,25,31,0.75,0.20833333333333334,1.4090909090909092,0.0670995670995671,./modules/rcpsp-instances/MSPSP/set-1a/inst_set1a_sf0.75_nc1.5_n20_m25_02.dzn.txt
set-1a,22,4,25,31,0.75,0.20833333333333334,1.4090909090909092,0.0670995670995671,./modules/rcpsp-instances/MSPSP/set-1a/inst_set1a_sf0.75_nc1.5_n20_m25_03.dzn.txt
set-1a,22,4,25,31,0.75,0.20833333333333334,1.4090909090909092,0.0670995670995671,./modules/rcpsp-instances/MSPSP/set-1a/inst_set1a_sf0.75_nc1.5_n20_m25_04.dzn.txt
set-1a,22,4,25,31,0.75,0.20833333333333334,1.4090909090909092,0.0670995670995671,./modules/rcpsp-instances/MSPSP/set-1a/inst_set1a_sf0.75_nc1.5_n20_m25_05.dzn.txt
set-1a,22,4,10,37,0.75,0.08333333333333333,1.6818181818181819,0.08008658008658008,./modules/rcpsp-instances/MSPSP/set-1a/inst_set1a_sf0.75_nc1.8_n20_m10_00.dzn.txt
set-1a,22,4,10,37,0.75,0.08333333333333333,1.6818181818181819,0.08008658008658008,./modules/rcpsp-instances/MSPSP/set-1a/inst_set1a_sf0.75_nc1.8_n20_m10_01.dzn.txt
set-1a,22,4,10,37,0.75,0.08333333333333333,1.6818181818181819,0.08008658008658008,./modules/rcpsp-instances/MSPSP/set-1a/inst_set1a_sf0.75_nc1.8_n20_m10_02.dzn.txt
set-1a,22,4,10,37,0.75,0.08333333333333333,1.6818181818181819,0.08008658008658008,./modules/rcpsp-instances/MSPSP/set-1a/inst_set1a_sf0.75_nc1.8_n20_m10_03.dzn.txt
set-1a,22,4,10,37,0.75,0.08333333333333333,1.6818181818181819,0.08008658008658008,./modules/rcpsp-instances/MSPSP/set-1a/inst_set1a_sf0.75_nc1.8_n20_m10_04.dzn.txt
set-1a,22,4,10,37,0.75,0.08333333333333333,1.6818181818181819,0.08008658008658008,./modules/rcpsp-instances/MSPSP/set-1a/inst_set1a_sf0.75_nc1.8_n20_m10_05.dzn.txt
set-1a,22,4,20,37,0.75,0.16666666666666666,1.6818181818181819,0.08008658008658008,./modules/rcpsp-instances/MSPSP/set-1a/inst_set1a_sf0.75_nc1.8_n20_m20_00.dzn.txt
set-1a,22,4,20,37,0.75,0.16666666666666666,1.6818181818181819,0.08008658008658008,./modules/rcpsp-instances/MSPSP/set-1a/inst_set1a_sf0.75_nc1.8_n20_m20_01.dzn.txt
set-1a,22,4,20,37,0.75,0.16666666666666666,1.6818181818181819,0.08008658008658008,./modules/rcpsp-instances/MSPSP/set-1a/inst_set1a_sf0.75_nc1.8_n20_m20_02.dzn.txt
set-1a,22,4,20,37,0.75,0.16666666666666666,1.6818181818181819,0.08008658008658008,./modules/rcpsp-instances/MSPSP/set-1a/inst_set1a_sf0.75_nc1.8_n20_m20_03.dzn.txt
set-1a,22,4,20,37,0.75,0.16666666666666666,1.6818181818181819,0.08008658008658008,./modules/rcpsp-instances/MSPSP/set-1a/inst_set1a_sf0.75_nc1.8_n20_m20_04.dzn.txt
set-1a,22,4,20,37,0.75,0.16666666666666666,1.6818181818181819,0.08008658008658008,./modules/rcpsp-instances/MSPSP/set-1a/inst_set1a_sf0.75_nc1.8_n20_m20_05.dzn.txt
set-1a,22,4,25,37,0.75,0.20833333333333334,1.6818181818181819,0.08008658008658008,./modules/rcpsp-instances/MSPSP/set-1a/inst_set1a_sf0.75_nc1.8_n20_m25_00.dzn.txt
set-1a,22,4,25,37,0.75,0.20833333333333334,1.6818181818181819,0.08008658008658008,./modules/rcpsp-instances/MSPSP/set-1a/inst_set1a_sf0.75_nc1.8_n20_m25_01.dzn.txt
set-1a,22,4,25,37,0.75,0.20833333333333334,1.6818181818181819,0.08008658008658008,./modules/rcpsp-instances/MSPSP/set-1a/inst_set1a_sf0.75_nc1.8_n20_m25_02.dzn.txt
set-1a,22,4,25,37,0.75,0.20833333333333334,1.6818181818181819,0.08008658008658008,./modules/rcpsp-instances/MSPSP/set-1a/inst_set1a_sf0.75_nc1.8_n20_m25_03.dzn.txt
set-1a,22,4,25,37,0.75,0.20833333333333334,1.6818181818181819,0.08008658008658008,./modules/rcpsp-instances/MSPSP/set-1a/inst_set1a_sf0.75_nc1.8_n20_m25_04.dzn.txt
set-1a,22,4,25,37,0.75,0.20833333333333334,1.6818181818181819,0.08008658008658008,./modules/rcpsp-instances/MSPSP/set-1a/inst_set1a_sf0.75_nc1.8_n20_m25_05.dzn.txt
set-1a,22,4,10,43,0.75,0.08333333333333333,1.9545454545454546,0.09307359307359307,./modules/rcpsp-instances/MSPSP/set-1a/inst_set1a_sf0.75_nc2.1_n20_m10_00.dzn.txt
set-1a,22,4,10,43,0.75,0.08333333333333333,1.9545454545454546,0.09307359307359307,./modules/rcpsp-instances/MSPSP/set-1a/inst_set1a_sf0.75_nc2.1_n20_m10_01.dzn.txt
set-1a,22,4,10,43,0.75,0.08333333333333333,1.9545454545454546,0.09307359307359307,./modules/rcpsp-instances/MSPSP/set-1a/inst_set1a_sf0.75_nc2.1_n20_m10_02.dzn.txt
set-1a,22,4,10,43,0.75,0.08333333333333333,1.9545454545454546,0.09307359307359307,./modules/rcpsp-instances/MSPSP/set-1a/inst_set1a_sf0.75_nc2.1_n20_m10_03.dzn.txt
set-1a,22,4,10,43,0.75,0.08333333333333333,1.9545454545454546,0.09307359307359307,./modules/rcpsp-instances/MSPSP/set-1a/inst_set1a_sf0.75_nc2.1_n20_m10_04.dzn.txt
set-1a,22,4,10,43,0.75,0.08333333333333333,1.9545454545454546,0.09307359307359307,./modules/rcpsp-instances/MSPSP/set-1a/inst_set1a_sf0.75_nc2.1_n20_m10_05.dzn.txt
set-1a,22,4,20,43,0.75,0.16666666666666666,1.9545454545454546,0.09307359307359307,./modules/rcpsp-instances/MSPSP/set-1a/inst_set1a_sf0.75_nc2.1_n20_m20_00.dzn.txt
set-1a,22,4,20,43,0.75,0.16666666666666666,1.9545454545454546,0.09307359307359307,./modules/rcpsp-instances/MSPSP/set-1a/inst_set1a_sf0.75_nc2.1_n20_m20_01.dzn.txt
set-1a,22,4,20,43,0.75,0.16666666666666666,1.9545454545454546,0.09307359307359307,./modules/rcpsp-instances/MSPSP/set-1a/inst_set1a_sf0.75_nc2.1_n20_m20_02.dzn.txt
set-1a,22,4,20,43,0.75,0.16666666666666666,1.9545454545454546,0.09307359307359307,./modules/rcpsp-instances/MSPSP/set-1a/inst_set1a_sf0.75_nc2.1_n20_m20_03.dzn.txt
set-1a,22,4,20,43,0.75,0.16666666666666666,1.9545454545454546,0.09307359307359307,./modules/rcpsp-instances/MSPSP/set-1a/inst_set1a_sf0.75_nc2.1_n20_m20_04.dzn.txt
set-1a,22,4,20,43,0.75,0.16666666666666666,1.9545454545454546,0.09307359307359307,./modules/rcpsp-instances/MSPSP/set-1a/inst_set1a_sf0.75_nc2.1_n20_m20_05.dzn.txt
set-1a,22,4,25,43,0.75,0.20833333333333334,1.9545454545454546,0.09307359307359307,./modules/rcpsp-instances/MSPSP/set-1a/inst_set1a_sf0.75_nc2.1_n20_m25_00.dzn.txt
set-1a,22,4,25,43,0.75,0.20833333333333334,1.9545454545454546,0.09307359307359307,./modules/rcpsp-instances/MSPSP/set-1a/inst_set1a_sf0.75_nc2.1_n20_m25_01.dzn.txt
set-1a,22,4,25,43,0.75,0.20833333333333334,1.9545454545454546,0.09307359307359307,./modules/rcpsp-instances/MSPSP/set-1a/inst_set1a_sf0.75_nc2.1_n20_m25_02.dzn.txt
set-1a,22,4,25,43,0.75,0.20833333333333334,1.9545454545454546,0.09307359307359307,./modules/rcpsp-instances/MSPSP/set-1a/inst_set1a_sf0.75_nc2.1_n20_m25_03.dzn.txt
set-1a,22,4,25,43,0.75,0.20833333333333334,1.9545454545454546,0.09307359307359307,./modules/rcpsp-instances/MSPSP/set-1a/inst_set1a_sf0.75_nc2.1_n20_m25_04.dzn.txt
set-1a,22,4,25,43,0.75,0.20833333333333334,1.9545454545454546,0.09307359307359307,./modules/rcpsp-instances/MSPSP/set-1a/inst_set1a_sf0.75_nc2.1_n20_m25_05.dzn.txt
set-1a,22,4,10,31,0.7875,0.07936507936507936,1.4090909090909092,0.0670995670995671,./modules/rcpsp-instances/MSPSP/set-1a/inst_set1a_sf0_nc1.5_n20_m10_00.dzn.txt
set-1a,22,4,10,31,0.7625,0.08196721311475409,1.4090909090909092,0.0670995670995671,./modules/rcpsp-instances/MSPSP/set-1a/inst_set1a_sf0_nc1.5_n20_m10_01.dzn.txt
set-1a,22,4,10,31,0.725,0.08620689655172414,1.4090909090909092,0.0670995670995671,./modules/rcpsp-instances/MSPSP/set-1a/inst_set1a_sf0_nc1.5_n20_m10_02.dzn.txt
set-1a,22,4,10,31,0.7,0.08928571428571429,1.4090909090909092,0.0670995670995671,./modules/rcpsp-instances/MSPSP/set-1a/inst_set1a_sf0_nc1.5_n20_m10_03.dzn.txt
set-1a,22,4,10,31,0.7125,0.08771929824561403,1.4090909090909092,0.0670995670995671,./modules/rcpsp-instances/MSPSP/set-1a/inst_set1a_sf0_nc1.5_n20_m10_04.dzn.txt
set-1a,22,4,10,31,0.8,0.078125,1.4090909090909092,0.0670995670995671,./modules/rcpsp-instances/MSPSP/set-1a/inst_set1a_sf0_nc1.5_n20_m10_05.dzn.txt
set-1a,22,4,20,31,0.7125,0.17543859649122806,1.4090909090909092,0.0670995670995671,./modules/rcpsp-instances/MSPSP/set-1a/inst_set1a_sf0_nc1.5_n20_m20_00.dzn.txt
set-1a,22,4,20,31,0.675,0.18518518518518517,1.4090909090909092,0.0670995670995671,./modules/rcpsp-instances/MSPSP/set-1a/inst_set1a_sf0_nc1.5_n20_m20_01.dzn.txt
set-1a,22,4,20,31,0.8,0.15625,1.4090909090909092,0.0670995670995671,./modules/rcpsp-instances/MSPSP/set-1a/inst_set1a_sf0_nc1.5_n20_m20_02.dzn.txt
set-1a,22,4,20,31,0.775,0.16129032258064516,1.4090909090909092,0.0670995670995671,./modules/rcpsp-instances/MSPSP/set-1a/inst_set1a_sf0_nc1.5_n20_m20_03.dzn.txt
set-1a,22,4,20,31,0.675,0.18518518518518517,1.4090909090909092,0.0670995670995671,./modules/rcpsp-instances/MSPSP/set-1a/inst_set1a_sf0_nc1.5_n20_m20_04.dzn.txt
set-1a,22,4,20,31,0.7625,0.16393442622950818,1.4090909090909092,0.0670995670995671,./modules/rcpsp-instances/MSPSP/set-1a/inst_set1a_sf0_nc1.5_n20_m20_05.dzn.txt
set-1a,22,4,25,31,0.8125,0.19230769230769232,1.4090909090909092,0.0670995670995671,./modules/rcpsp-instances/MSPSP/set-1a/inst_set1a_sf0_nc1.5_n20_m25_00.dzn.txt
set-1a,22,4,25,31,0.7875,0.1984126984126984,1.4090909090909092,0.0670995670995671,./modules/rcpsp-instances/MSPSP/set-1a/inst_set1a_sf0_nc1.5_n20_m25_01.dzn.txt
set-1a,22,4,25,31,0.725,0.21551724137931033,1.4090909090909092,0.0670995670995671,./modules/rcpsp-instances/MSPSP/set-1a/inst_set1a_sf0_nc1.5_n20_m25_02.dzn.txt
set-1a,22,4,25,31,0.7,0.22321428571428573,1.4090909090909092,0.0670995670995671,./modules/rcpsp-instances/MSPSP/set-1a/inst_set1a_sf0_nc1.5_n20_m25_03.dzn.txt
set-1a,22,4,25,31,0.725,0.21551724137931033,1.4090909090909092,0.0670995670995671,./modules/rcpsp-instances/MSPSP/set-1a/inst_set1a_sf0_nc1.5_n20_m25_04.dzn.txt
set-1a,22,4,25,31,0.7125,0.21929824561403508,1.4090909090909092,0.0670995670995671,./modules/rcpsp-instances/MSPSP/set-1a/inst_set1a_sf0_nc1.5_n20_m25_05.dzn.txt
set-1a,22,4,10,37,0.7625,0.08196721311475409,1.6818181818181819,0.08008658008658008,./modules/rcpsp-instances/MSPSP/set-1a/inst_set1a_sf0_nc1.8_n20_m10_00.dzn.txt
set-1a,22,4,10,37,0.825,0.07575757575757576,1.6818181818181819,0.08008658008658008,./modules/rcpsp-instances/MSPSP/set-1a/inst_set1a_sf0_nc1.8_n20_m10_01.dzn.txt
set-1a,22,4,10,37,0.7625,0.08196721311475409,1.6818181818181819,0.08008658008658008,./modules/rcpsp-instances/MSPSP/set-1a/inst_set1a_sf0_nc1.8_n20_m10_02.dzn.txt
set-1a,22,4,10,37,0.75,0.08333333333333333,1.6818181818181819,0.08008658008658008,./modules/rcpsp-instances/MSPSP/set-1a/inst_set1a_sf0_nc1.8_n20_m10_03.dzn.txt
set-1a,22,4,10,37,0.7875,0.07936507936507936,1.6818181818181819,0.08008658008658008,./modules/rcpsp-instances/MSPSP/set-1a/inst_set1a_sf0_nc1.8_n20_m10_04.dzn.txt
set-1a,22,4,10,37,0.825,0.07575757575757576,1.6818181818181819,0.08008658008658008,./modules/rcpsp-instances/MSPSP/set-1a/inst_set1a_sf0_nc1.8_n20_m10_05.dzn.txt
set-1a,22,4,20,37,0.7,0.17857142857142858,1.6818181818181819,0.08008658008658008,./modules/rcpsp-instances/MSPSP/set-1a/inst_set1a_sf0_nc1.8_n20_m20_00.dzn.txt
set-1a,22,4,20,37,0.8125,0.15384615384615385,1.6818181818181819,0.08008658008658008,./modules/rcpsp-instances/MSPSP/set-1a/inst_set1a_sf0_nc1.8_n20_m20_01.dzn.txt
set-1a,22,4,20,37,0.8125,0.15384615384615385,1.6818181818181819,0.08008658008658008,./modules/rcpsp-instances/MSPSP/set-1a/inst_set1a_sf0_nc1.8_n20_m20_02.dzn.txt
set-1a,22,4,20,37,0.75,0.16666666666666666,1.6818181818181819,0.08008658008658008,./modules/rcpsp-instances/MSPSP/set-1a/inst_set1a_sf0_nc1.8_n20_m20_03.dzn.txt
set-1a,22,4,20,37,0.7125,0.17543859649122806,1.6818181818181819,0.08008658008658008,./modules/rcpsp-instances/MSPSP/set-1a/inst_set1a_sf0_nc1.8_n20_m20_04.dzn.txt
set-1a,22,4,20,37,0.7625,0.16393442622950818,1.6818181818181819,0.08008658008658008,./modules/rcpsp-instances/MSPSP/set-1a/inst_set1a_sf0_nc1.8_n20_m20_05.dzn.txt
set-1a,22,4,25,37,0.75,0.20833333333333334,1.6818181818181819,0.08008658008658008,./modules/rcpsp-instances/MSPSP/set-1a/inst_set1a_sf0_nc1.8_n20_m25_00.dzn.txt
set-1a,22,4,25,37,0.7875,0.1984126984126984,1.6818181818181819,0.08008658008658008,./modules/rcpsp-instances/MSPSP/set-1a/inst_set1a_sf0_nc1.8_n20_m25_01.dzn.txt
set-1a,22,4,25,37,0.8125,0.19230769230769232,1.6818181818181819,0.08008658008658008,./modules/rcpsp-instances/MSPSP/set-1a/inst_set1a_sf0_nc1.8_n20_m25_02.dzn.txt
set-1a,22,4,25,37,0.725,0.21551724137931033,1.6818181818181819,0.08008658008658008,./modules/rcpsp-instances/MSPSP/set-1a/inst_set1a_sf0_nc1.8_n20_m25_03.dzn.txt
set-1a,22,4,25,37,0.7875,0.1984126984126984,1.6818181818181819,0.08008658008658008,./modules/rcpsp-instances/MSPSP/set-1a/inst_set1a_sf0_nc1.8_n20_m25_04.dzn.txt
set-1a,22,4,25,37,0.75,0.20833333333333334,1.6818181818181819,0.08008658008658008,./modules/rcpsp-instances/MSPSP/set-1a/inst_set1a_sf0_nc1.8_n20_m25_05.dzn.txt
set-1a,22,4,10,43,0.75,0.08333333333333333,1.9545454545454546,0.09307359307359307,./modules/rcpsp-instances/MSPSP/set-1a/inst_set1a_sf0_nc2.1_n20_m10_00.dzn.txt
set-1a,22,4,10,43,0.7,0.08928571428571429,1.9545454545454546,0.09307359307359307,./modules/rcpsp-instances/MSPSP/set-1a/inst_set1a_sf0_nc2.1_n20_m10_01.dzn.txt
set-1a,22,4,10,43,0.725,0.08620689655172414,1.9545454545454546,0.09307359307359307,./modules/rcpsp-instances/MSPSP/set-1a/inst_set1a_sf0_nc2.1_n20_m10_02.dzn.txt
set-1a,22,4,10,43,0.825,0.07575757575757576,1.9545454545454546,0.09307359307359307,./modules/rcpsp-instances/MSPSP/set-1a/inst_set1a_sf0_nc2.1_n20_m10_03.dzn.txt
set-1a,22,4,10,43,0.775,0.08064516129032258,1.9545454545454546,0.09307359307359307,./modules/rcpsp-instances/MSPSP/set-1a/inst_set1a_sf0_nc2.1_n20_m10_04.dzn.txt
set-1a,22,4,10,43,0.75,0.08333333333333333,1.9545454545454546,0.09307359307359307,./modules/rcpsp-instances/MSPSP/set-1a/inst_set1a_sf0_nc2.1_n20_m10_05.dzn.txt
set-1a,22,4,20,43,0.775,0.16129032258064516,1.9545454545454546,0.09307359307359307,./modules/rcpsp-instances/MSPSP/set-1a/inst_set1a_sf0_nc2.1_n20_m20_00.dzn.txt
set-1a,22,4,20,43,0.8,0.15625,1.9545454545454546,0.09307359307359307,./modules/rcpsp-instances/MSPSP/set-1a/inst_set1a_sf0_nc2.1_n20_m20_01.dzn.txt
set-1a,22,4,20,43,0.75,0.16666666666666666,1.9545454545454546,0.09307359307359307,./modules/rcpsp-instances/MSPSP/set-1a/inst_set1a_sf0_nc2.1_n20_m20_02.dzn.txt
set-1a,22,4,20,43,0.725,0.1724137931034483,1.9545454545454546,0.09307359307359307,./modules/rcpsp-instances/MSPSP/set-1a/inst_set1a_sf0_nc2.1_n20_m20_03.dzn.txt
set-1a,22,4,20,43,0.8375,0.14925373134328357,1.9545454545454546,0.09307359307359307,./modules/rcpsp-instances/MSPSP/set-1a/inst_set1a_sf0_nc2.1_n20_m20_04.dzn.txt
set-1a,22,4,20,43,0.7625,0.16393442622950818,1.9545454545454546,0.09307359307359307,./modules/rcpsp-instances/MSPSP/set-1a/inst_set1a_sf0_nc2.1_n20_m20_05.dzn.txt
set-1a,22,4,25,43,0.75,0.20833333333333334,1.9545454545454546,0.09307359307359307,./modules/rcpsp-instances/MSPSP/set-1a/inst_set1a_sf0_nc2.1_n20_m25_00.dzn.txt
set-1a,22,4,25,43,0.6875,0.22727272727272727,1.9545454545454546,0.09307359307359307,./modules/rcpsp-instances/MSPSP/set-1a/inst_set1a_sf0_nc2.1_n20_m25_01.dzn.txt
set-1a,22,4,25,43,0.7625,0.20491803278688525,1.9545454545454546,0.09307359307359307,./modules/rcpsp-instances/MSPSP/set-1a/inst_set1a_sf0_nc2.1_n20_m25_02.dzn.txt
set-1a,22,4,25,43,0.7875,0.1984126984126984,1.9545454545454546,0.09307359307359307,./modules/rcpsp-instances/MSPSP/set-1a/inst_set1a_sf0_nc2.1_n20_m25_03.dzn.txt
set-1a,22,4,25,43,0.6875,0.22727272727272727,1.9545454545454546,0.09307359307359307,./modules/rcpsp-instances/MSPSP/set-1a/inst_set1a_sf0_nc2.1_n20_m25_04.dzn.txt
set-1a,22,4,25,43,0.825,0.1893939393939394,1.9545454545454546,0.09307359307359307,./modules/rcpsp-instances/MSPSP/set-1a/inst_set1a_sf0_nc2.1_n20_m25_05.dzn.txt
set-1a,22,4,20,31,1.0,0.125,1.4090909090909092,0.0670995670995671,./modules/rcpsp-instances/MSPSP/set-1a/inst_set1a_sf1_nc1.5_n20_m20_00.dzn.txt
set-1a,22,4,20,31,1.0,0.125,1.4090909090909092,0.0670995670995671,./modules/rcpsp-instances/MSPSP/set-1a/inst_set1a_sf1_nc1.5_n20_m20_01.dzn.txt
set-1a,22,4,20,31,1.0,0.125,1.4090909090909092,0.0670995670995671,./modules/rcpsp-instances/MSPSP/set-1a/inst_set1a_sf1_nc1.5_n20_m20_02.dzn.txt
set-1a,22,4,20,31,1.0,0.125,1.4090909090909092,0.0670995670995671,./modules/rcpsp-instances/MSPSP/set-1a/inst_set1a_sf1_nc1.5_n20_m20_03.dzn.txt
set-1a,22,4,20,31,1.0,0.125,1.4090909090909092,0.0670995670995671,./modules/rcpsp-instances/MSPSP/set-1a/inst_set1a_sf1_nc1.5_n20_m20_04.dzn.txt
set-1a,22,4,20,31,1.0,0.125,1.4090909090909092,0.0670995670995671,./modules/rcpsp-instances/MSPSP/set-1a/inst_set1a_sf1_nc1.5_n20_m20_05.dzn.txt
set-1a,22,4,25,31,1.0,0.15625,1.4090909090909092,0.0670995670995671,./modules/rcpsp-instances/MSPSP/set-1a/inst_set1a_sf1_nc1.5_n20_m25_00.dzn.txt
set-1a,22,4,25,31,1.0,0.15625,1.4090909090909092,0.0670995670995671,./modules/rcpsp-instances/MSPSP/set-1a/inst_set1a_sf1_nc1.5_n20_m25_01.dzn.txt
set-1a,22,4,25,31,1.0,0.15625,1.4090909090909092,0.0670995670995671,./modules/rcpsp-instances/MSPSP/set-1a/inst_set1a_sf1_nc1.5_n20_m25_02.dzn.txt
set-1a,22,4,25,31,1.0,0.15625,1.4090909090909092,0.0670995670995671,./modules/rcpsp-instances/MSPSP/set-1a/inst_set1a_sf1_nc1.5_n20_m25_03.dzn.txt
set-1a,22,4,25,31,1.0,0.15625,1.4090909090909092,0.0670995670995671,./modules/rcpsp-instances/MSPSP/set-1a/inst_set1a_sf1_nc1.5_n20_m25_04.dzn.txt
set-1a,22,4,25,31,1.0,0.15625,1.4090909090909092,0.0670995670995671,./modules/rcpsp-instances/MSPSP/set-1a/inst_set1a_sf1_nc1.5_n20_m25_05.dzn.txt
set-1a,22,4,30,31,1.0,0.1875,1.4090909090909092,0.0670995670995671,./modules/rcpsp-instances/MSPSP/set-1a/inst_set1a_sf1_nc1.5_n20_m30_00.dzn.txt
set-1a,22,4,30,31,1.0,0.1875,1.4090909090909092,0.0670995670995671,./modules/rcpsp-instances/MSPSP/set-1a/inst_set1a_sf1_nc1.5_n20_m30_01.dzn.txt
set-1a,22,4,30,31,1.0,0.1875,1.4090909090909092,0.0670995670995671,./modules/rcpsp-instances/MSPSP/set-1a/inst_set1a_sf1_nc1.5_n20_m30_02.dzn.txt
set-1a,22,4,30,31,1.0,0.1875,1.4090909090909092,0.0670995670995671,./modules/rcpsp-instances/MSPSP/set-1a/inst_set1a_sf1_nc1.5_n20_m30_03.dzn.txt
set-1a,22,4,30,31,1.0,0.1875,1.4090909090909092,0.0670995670995671,./modules/rcpsp-instances/MSPSP/set-1a/inst_set1a_sf1_nc1.5_n20_m30_04.dzn.txt
set-1a,22,4,30,31,1.0,0.1875,1.4090909090909092,0.0670995670995671,./modules/rcpsp-instances/MSPSP/set-1a/inst_set1a_sf1_nc1.5_n20_m30_05.dzn.txt
set-1a,22,4,20,37,1.0,0.125,1.6818181818181819,0.08008658008658008,./modules/rcpsp-instances/MSPSP/set-1a/inst_set1a_sf1_nc1.8_n20_m20_00.dzn.txt
set-1a,22,4,20,37,1.0,0.125,1.6818181818181819,0.08008658008658008,./modules/rcpsp-instances/MSPSP/set-1a/inst_set1a_sf1_nc1.8_n20_m20_01.dzn.txt
set-1a,22,4,20,37,1.0,0.125,1.6818181818181819,0.08008658008658008,./modules/rcpsp-instances/MSPSP/set-1a/inst_set1a_sf1_nc1.8_n20_m20_02.dzn.txt
set-1a,22,4,20,37,1.0,0.125,1.6818181818181819,0.08008658008658008,./modules/rcpsp-instances/MSPSP/set-1a/inst_set1a_sf1_nc1.8_n20_m20_03.dzn.txt
set-1a,22,4,20,37,1.0,0.125,1.6818181818181819,0.08008658008658008,./modules/rcpsp-instances/MSPSP/set-1a/inst_set1a_sf1_nc1.8_n20_m20_04.dzn.txt
set-1a,22,4,20,37,1.0,0.125,1.6818181818181819,0.08008658008658008,./modules/rcpsp-instances/MSPSP/set-1a/inst_set1a_sf1_nc1.8_n20_m20_05.dzn.txt
set-1a,22,4,25,37,1.0,0.15625,1.6818181818181819,0.08008658008658008,./modules/rcpsp-instances/MSPSP/set-1a/inst_set1a_sf1_nc1.8_n20_m25_00.dzn.txt
set-1a,22,4,25,37,1.0,0.15625,1.6818181818181819,0.08008658008658008,./modules/rcpsp-instances/MSPSP/set-1a/inst_set1a_sf1_nc1.8_n20_m25_01.dzn.txt
set-1a,22,4,25,37,1.0,0.15625,1.6818181818181819,0.08008658008658008,./modules/rcpsp-instances/MSPSP/set-1a/inst_set1a_sf1_nc1.8_n20_m25_02.dzn.txt
set-1a,22,4,25,37,1.0,0.15625,1.6818181818181819,0.08008658008658008,./modules/rcpsp-instances/MSPSP/set-1a/inst_set1a_sf1_nc1.8_n20_m25_03.dzn.txt
set-1a,22,4,25,37,1.0,0.15625,1.6818181818181819,0.08008658008658008,./modules/rcpsp-instances/MSPSP/set-1a/inst_set1a_sf1_nc1.8_n20_m25_04.dzn.txt
set-1a,22,4,25,37,1.0,0.15625,1.6818181818181819,0.08008658008658008,./modules/rcpsp-instances/MSPSP/set-1a/inst_set1a_sf1_nc1.8_n20_m25_05.dzn.txt
set-1a,22,4,30,37,1.0,0.1875,1.6818181818181819,0.08008658008658008,./modules/rcpsp-instances/MSPSP/set-1a/inst_set1a_sf1_nc1.8_n20_m30_00.dzn.txt
set-1a,22,4,30,37,1.0,0.1875,1.6818181818181819,0.08008658008658008,./modules/rcpsp-instances/MSPSP/set-1a/inst_set1a_sf1_nc1.8_n20_m30_01.dzn.txt
set-1a,22,4,30,37,1.0,0.1875,1.6818181818181819,0.08008658008658008,./modules/rcpsp-instances/MSPSP/set-1a/inst_set1a_sf1_nc1.8_n20_m30_02.dzn.txt
set-1a,22,4,30,37,1.0,0.1875,1.6818181818181819,0.08008658008658008,./modules/rcpsp-instances/MSPSP/set-1a/inst_set1a_sf1_nc1.8_n20_m30_03.dzn.txt
set-1a,22,4,30,37,1.0,0.1875,1.6818181818181819,0.08008658008658008,./modules/rcpsp-instances/MSPSP/set-1a/inst_set1a_sf1_nc1.8_n20_m30_04.dzn.txt
set-1a,22,4,30,37,1.0,0.1875,1.6818181818181819,0.08008658008658008,./modules/rcpsp-instances/MSPSP/set-1a/inst_set1a_sf1_nc1.8_n20_m30_05.dzn.txt
set-1a,22,4,20,43,1.0,0.125,1.9545454545454546,0.09307359307359307,./modules/rcpsp-instances/MSPSP/set-1a/inst_set1a_sf1_nc2.1_n20_m20_00.dzn.txt
set-1a,22,4,20,43,1.0,0.125,1.9545454545454546,0.09307359307359307,./modules/rcpsp-instances/MSPSP/set-1a/inst_set1a_sf1_nc2.1_n20_m20_01.dzn.txt
set-1a,22,4,20,43,1.0,0.125,1.9545454545454546,0.09307359307359307,./modules/rcpsp-instances/MSPSP/set-1a/inst_set1a_sf1_nc2.1_n20_m20_02.dzn.txt
set-1a,22,4,20,43,1.0,0.125,1.9545454545454546,0.09307359307359307,./modules/rcpsp-instances/MSPSP/set-1a/inst_set1a_sf1_nc2.1_n20_m20_03.dzn.txt
set-1a,22,4,20,43,1.0,0.125,1.9545454545454546,0.09307359307359307,./modules/rcpsp-instances/MSPSP/set-1a/inst_set1a_sf1_nc2.1_n20_m20_04.dzn.txt
set-1a,22,4,20,43,1.0,0.125,1.9545454545454546,0.09307359307359307,./modules/rcpsp-instances/MSPSP/set-1a/inst_set1a_sf1_nc2.1_n20_m20_05.dzn.txt
set-1a,22,4,25,43,1.0,0.15625,1.9545454545454546,0.09307359307359307,./modules/rcpsp-instances/MSPSP/set-1a/inst_set1a_sf1_nc2.1_n20_m25_00.dzn.txt
set-1a,22,4,25,43,1.0,0.15625,1.9545454545454546,0.09307359307359307,./modules/rcpsp-instances/MSPSP/set-1a/inst_set1a_sf1_nc2.1_n20_m25_01.dzn.txt
set-1a,22,4,25,43,1.0,0.15625,1.9545454545454546,0.09307359307359307,./modules/rcpsp-instances/MSPSP/set-1a/inst_set1a_sf1_nc2.1_n20_m25_02.dzn.txt
set-1a,22,4,25,43,1.0,0.15625,1.9545454545454546,0.09307359307359307,./modules/rcpsp-instances/MSPSP/set-1a/inst_set1a_sf1_nc2.1_n20_m25_03.dzn.txt
set-1a,22,4,25,43,1.0,0.15625,1.9545454545454546,0.09307359307359307,./modules/rcpsp-instances/MSPSP/set-1a/inst_set1a_sf1_nc2.1_n20_m25_04.dzn.txt
set-1a,22,4,25,43,1.0,0.15625,1.9545454545454546,0.09307359307359307,./modules/rcpsp-instances/MSPSP/set-1a/inst_set1a_sf1_nc2.1_n20_m25_05.dzn.txt
set-1a,22,4,30,43,1.0,0.1875,1.9545454545454546,0.09307359307359307,./modules/rcpsp-instances/MSPSP/set-1a/inst_set1a_sf1_nc2.1_n20_m30_00.dzn.txt
set-1a,22,4,30,43,1.0,0.1875,1.9545454545454546,0.09307359307359307,./modules/rcpsp-instances/MSPSP/set-1a/inst_set1a_sf1_nc2.1_n20_m30_01.dzn.txt
set-1a,22,4,30,43,1.0,0.1875,1.9545454545454546,0.09307359307359307,./modules/rcpsp-instances/MSPSP/set-1a/inst_set1a_sf1_nc2.1_n20_m30_02.dzn.txt
set-1a,22,4,30,43,1.0,0.1875,1.9545454545454546,0.09307359307359307,./modules/rcpsp-instances/MSPSP/set-1a/inst_set1a_sf1_nc2.1_n20_m30_03.dzn.txt
set-1a,22,4,30,43,1.0,0.1875,1.9545454545454546,0.09307359307359307,./modules/rcpsp-instances/MSPSP/set-1a/inst_set1a_sf1_nc2.1_n20_m30_04.dzn.txt
set-1a,22,4,30,43,1.0,0.1875,1.9545454545454546,0.09307359307359307,./modules/rcpsp-instances/MSPSP/set-1a/inst_set1a_sf1_nc2.1_n20_m30_05.dzn.txt
set-1b,42,4,20,61,0.5,0.0625,1.4523809523809523,0.03542392566782811,./modules/rcpsp-instances/MSPSP/set-1b/inst_set1b_sf0.5_nc1.5_n40_m20_00.dzn.txt
set-1b,42,4,20,61,0.5,0.0625,1.4523809523809523,0.03542392566782811,./modules/rcpsp-instances/MSPSP/set-1b/inst_set1b_sf0.5_nc1.5_n40_m20_01.dzn.txt
set-1b,42,4,20,61,0.5,0.0625,1.4523809523809523,0.03542392566782811,./modules/rcpsp-instances/MSPSP/set-1b/inst_set1b_sf0.5_nc1.5_n40_m20_02.dzn.txt
set-1b,42,4,20,61,0.5,0.0625,1.4523809523809523,0.03542392566782811,./modules/rcpsp-instances/MSPSP/set-1b/inst_set1b_sf0.5_nc1.5_n40_m20_03.dzn.txt
set-1b,42,4,20,61,0.5,0.0625,1.4523809523809523,0.03542392566782811,./modules/rcpsp-instances/MSPSP/set-1b/inst_set1b_sf0.5_nc1.5_n40_m20_04.dzn.txt
set-1b,42,4,20,61,0.5,0.0625,1.4523809523809523,0.03542392566782811,./modules/rcpsp-instances/MSPSP/set-1b/inst_set1b_sf0.5_nc1.5_n40_m20_05.dzn.txt
set-1b,42,4,25,61,0.5,0.078125,1.4523809523809523,0.03542392566782811,./modules/rcpsp-instances/MSPSP/set-1b/inst_set1b_sf0.5_nc1.5_n40_m25_00.dzn.txt
set-1b,42,4,25,61,0.5,0.078125,1.4523809523809523,0.03542392566782811,./modules/rcpsp-instances/MSPSP/set-1b/inst_set1b_sf0.5_nc1.5_n40_m25_01.dzn.txt
set-1b,42,4,25,61,0.5,0.078125,1.4523809523809523,0.03542392566782811,./modules/rcpsp-instances/MSPSP/set-1b/inst_set1b_sf0.5_nc1.5_n40_m25_02.dzn.txt
set-1b,42,4,25,61,0.5,0.078125,1.4523809523809523,0.03542392566782811,./modules/rcpsp-instances/MSPSP/set-1b/inst_set1b_sf0.5_nc1.5_n40_m25_03.dzn.txt
set-1b,42,4,25,61,0.5,0.078125,1.4523809523809523,0.03542392566782811,./modules/rcpsp-instances/MSPSP/set-1b/inst_set1b_sf0.5_nc1.5_n40_m25_04.dzn.txt
set-1b,42,4,25,61,0.5,0.078125,1.4523809523809523,0.03542392566782811,./modules/rcpsp-instances/MSPSP/set-1b/inst_set1b_sf0.5_nc1.5_n40_m25_05.dzn.txt
set-1b,42,4,30,61,0.5,0.09375,1.4523809523809523,0.03542392566782811,./modules/rcpsp-instances/MSPSP/set-1b/inst_set1b_sf0.5_nc1.5_n40_m30_00.dzn.txt
set-1b,42,4,30,61,0.5,0.09375,1.4523809523809523,0.03542392566782811,./modules/rcpsp-instances/MSPSP/set-1b/inst_set1b_sf0.5_nc1.5_n40_m30_01.dzn.txt
set-1b,42,4,30,61,0.5,0.09375,1.4523809523809523,0.03542392566782811,./modules/rcpsp-instances/MSPSP/set-1b/inst_set1b_sf0.5_nc1.5_n40_m30_02.dzn.txt
set-1b,42,4,30,61,0.5,0.09375,1.4523809523809523,0.03542392566782811,./modules/rcpsp-instances/MSPSP/set-1b/inst_set1b_sf0.5_nc1.5_n40_m30_03.dzn.txt
set-1b,42,4,30,61,0.5,0.09375,1.4523809523809523,0.03542392566782811,./modules/rcpsp-instances/MSPSP/set-1b/inst_set1b_sf0.5_nc1.5_n40_m30_04.dzn.txt
set-1b,42,4,30,61,0.5,0.09375,1.4523809523809523,0.03542392566782811,./modules/rcpsp-instances/MSPSP/set-1b/inst_set1b_sf0.5_nc1.5_n40_m30_05.dzn.txt
set-1b,42,4,20,73,0.5,0.0625,1.7380952380952381,0.042392566782810684,./modules/rcpsp-instances/MSPSP/set-1b/inst_set1b_sf0.5_nc1.8_n40_m20_00.dzn.txt
set-1b,42,4,20,73,0.5,0.0625,1.7380952380952381,0.042392566782810684,./modules/rcpsp-instances/MSPSP/set-1b/inst_set1b_sf0.5_nc1.8_n40_m20_01.dzn.txt
set-1b,42,4,20,73,0.5,0.0625,1.7380952380952381,0.042392566782810684,./modules/rcpsp-instances/MSPSP/set-1b/inst_set1b_sf0.5_nc1.8_n40_m20_02.dzn.txt
set-1b,42,4,20,73,0.5,0.0625,1.7380952380952381,0.042392566782810684,./modules/rcpsp-instances/MSPSP/set-1b/inst_set1b_sf0.5_nc1.8_n40_m20_03.dzn.txt
set-1b,42,4,20,73,0.5,0.0625,1.7380952380952381,0.042392566782810684,./modules/rcpsp-instances/MSPSP/set-1b/inst_set1b_sf0.5_nc1.8_n40_m20_04.dzn.txt
set-1b,42,4,20,73,0.5,0.0625,1.7380952380952381,0.042392566782810684,./modules/rcpsp-instances/MSPSP/set-1b/inst_set1b_sf0.5_nc1.8_n40_m20_05.dzn.txt
set-1b,42,4,25,73,0.5,0.078125,1.7380952380952381,0.042392566782810684,./modules/rcpsp-instances/MSPSP/set-1b/inst_set1b_sf0.5_nc1.8_n40_m25_00.dzn.txt
set-1b,42,4,25,73,0.5,0.078125,1.7380952380952381,0.042392566782810684,./modules/rcpsp-instances/MSPSP/set-1b/inst_set1b_sf0.5_nc1.8_n40_m25_01.dzn.txt
set-1b,42,4,25,73,0.5,0.078125,1.7380952380952381,0.042392566782810684,./modules/rcpsp-instances/MSPSP/set-1b/inst_set1b_sf0.5_nc1.8_n40_m25_02.dzn.txt
set-1b,42,4,25,73,0.5,0.078125,1.7380952380952381,0.042392566782810684,./modules/rcpsp-instances/MSPSP/set-1b/inst_set1b_sf0.5_nc1.8_n40_m25_03.dzn.txt
set-1b,42,4,25,73,0.5,0.078125,1.7380952380952381,0.042392566782810684,./modules/rcpsp-instances/MSPSP/set-1b/inst_set1b_sf0.5_nc1.8_n40_m25_04.dzn.txt
set-1b,42,4,25,73,0.5,0.078125,1.7380952380952381,0.042392566782810684,./modules/rcpsp-instances/MSPSP/set-1b/inst_set1b_sf0.5_nc1.8_n40_m25_05.dzn.txt
set-1b,42,4,30,73,0.5,0.09375,1.7380952380952381,0.042392566782810684,./modules/rcpsp-instances/MSPSP/set-1b/inst_set1b_sf0.5_nc1.8_n40_m30_00.dzn.txt
set-1b,42,4,30,73,0.5,0.09375,1.7380952380952381,0.042392566782810684,./modules/rcpsp-instances/MSPSP/set-1b/inst_set1b_sf0.5_nc1.8_n40_m30_01.dzn.txt
set-1b,42,4,30,73,0.5,0.09375,1.7380952380952381,0.042392566782810684,./modules/rcpsp-instances/MSPSP/set-1b/inst_set1b_sf0.5_nc1.8_n40_m30_02.dzn.txt
set-1b,42,4,30,73,0.5,0.09375,1.7380952380952381,0.042392566782810684,./modules/rcpsp-instances/MSPSP/set-1b/inst_set1b_sf0.5_nc1.8_n40_m30_03.dzn.txt
set-1b,42,4,30,73,0.5,0.09375,1.7380952380952381,0.042392566782810684,./modules/rcpsp-instances/MSPSP/set-1b/inst_set1b_sf0.5_nc1.8_n40_m30_04.dzn.txt
set-1b,42,4,30,73,0.5,0.09375,1.7380952380952381,0.042392566782810684,./modules/rcpsp-instances/MSPSP/set-1b/inst_set1b_sf0.5_nc1.8_n40_m30_05.dzn.txt
set-1b,42,4,20,85,0.5,0.0625,2.0238095238095237,0.04936120789779326,./modules/rcpsp-instances/MSPSP/set-1b/inst_set1b_sf0.5_nc2.1_n40_m20_00.dzn.txt
set-1b,42,4,20,85,0.5,0.0625,2.0238095238095237,0.04936120789779326,./modules/rcpsp-instances/MSPSP/set-1b/inst_set1b_sf0.5_nc2.1_n40_m20_01.dzn.txt
set-1b,42,4,20,85,0.5,0.0625,2.0238095238095237,0.04936120789779326,./modules/rcpsp-instances/MSPSP/set-1b/inst_set1b_sf0.5_nc2.1_n40_m20_02.dzn.txt
set-1b,42,4,20,85,0.5,0.0625,2.0238095238095237,0.04936120789779326,./modules/rcpsp-instances/MSPSP/set-1b/inst_set1b_sf0.5_nc2.1_n40_m20_03.dzn.txt
set-1b,42,4,20,85,0.5,0.0625,2.0238095238095237,0.04936120789779326,./modules/rcpsp-instances/MSPSP/set-1b/inst_set1b_sf0.5_nc2.1_n40_m20_04.dzn.txt
set-1b,42,4,20,85,0.5,0.0625,2.0238095238095237,0.04936120789779326,./modules/rcpsp-instances/MSPSP/set-1b/inst_set1b_sf0.5_nc2.1_n40_m20_05.dzn.txt
set-1b,42,4,25,85,0.5,0.078125,2.0238095238095237,0.04936120789779326,./modules/rcpsp-instances/MSPSP/set-1b/inst_set1b_sf0.5_nc2.1_n40_m25_00.dzn.txt
set-1b,42,4,25,85,0.5,0.078125,2.0238095238095237,0.04936120789779326,./modules/rcpsp-instances/MSPSP/set-1b/inst_set1b_sf0.5_nc2.1_n40_m25_01.dzn.txt
set-1b,42,4,25,85,0.5,0.078125,2.0238095238095237,0.04936120789779326,./modules/rcpsp-instances/MSPSP/set-1b/inst_set1b_sf0.5_nc2.1_n40_m25_02.dzn.txt
set-1b,42,4,25,85,0.5,0.078125,2.0238095238095237,0.04936120789779326,./modules/rcpsp-instances/MSPSP/set-1b/inst_set1b_sf0.5_nc2.1_n40_m25_03.dzn.txt
set-1b,42,4,25,85,0.5,0.078125,2.0238095238095237,0.04936120789779326,./modules/rcpsp-instances/MSPSP/set-1b/inst_set1b_sf0.5_nc2.1_n40_m25_04.dzn.txt
set-1b,42,4,25,85,0.5,0.078125,2.0238095238095237,0.04936120789779326,./modules/rcpsp-instances/MSPSP/set-1b/inst_set1b_sf0.5_nc2.1_n40_m25_05.dzn.txt
set-1b,42,4,30,85,0.5,0.09375,2.0238095238095237,0.04936120789779326,./modules/rcpsp-instances/MSPSP/set-1b/inst_set1b_sf0.5_nc2.1_n40_m30_00.dzn.txt
set-1b,42,4,30,85,0.5,0.09375,2.0238095238095237,0.04936120789779326,./modules/rcpsp-instances/MSPSP/set-1b/inst_set1b_sf0.5_nc2.1_n40_m30_01.dzn.txt
set-1b,42,4,30,85,0.5,0.09375,2.0238095238095237,0.04936120789779326,./modules/rcpsp-instances/MSPSP/set-1b/inst_set1b_sf0.5_nc2.1_n40_m30_02.dzn.txt
set-1b,42,4,30,85,0.5,0.09375,2.0238095238095237,0.04936120789779326,./modules/rcpsp-instances/MSPSP/set-1b/inst_set1b_sf0.5_nc2.1_n40_m30_03.dzn.txt
set-1b,42,4,30,85,0.5,0.09375,2.0238095238095237,0.04936120789779326,./modules/rcpsp-instances/MSPSP/set-1b/inst_set1b_sf0.5_nc2.1_n40_m30_04.dzn.txt
set-1b,42,4,30,85,0.5,0.09375,2.0238095238095237,0.04936120789779326,./modules/rcpsp-instances/MSPSP/set-1b/inst_set1b_sf0.5_nc2.1_n40_m30_05.dzn.txt
set-1b,42,4,30,61,0.75,0.0625,1.4523809523809523,0.03542392566782811,./modules/rcpsp-instances/MSPSP/set-1b/inst_set1b_sf0.75_nc1.5_n40_m30_00.dzn.txt
set-1b,42,4,30,61,0.75,0.0625,1.4523809523809523,0.03542392566782811,./modules/rcpsp-instances/MSPSP/set-1b/inst_set1b_sf0.75_nc1.5_n40_m30_01.dzn.txt
set-1b,42,4,30,61,0.75,0.0625,1.4523809523809523,0.03542392566782811,./modules/rcpsp-instances/MSPSP/set-1b/inst_set1b_sf0.75_nc1.5_n40_m30_02.dzn.txt
set-1b,42,4,30,61,0.75,0.0625,1.4523809523809523,0.03542392566782811,./modules/rcpsp-instances/MSPSP/set-1b/inst_set1b_sf0.75_nc1.5_n40_m30_03.dzn.txt
set-1b,42,4,30,61,0.75,0.0625,1.4523809523809523,0.03542392566782811,./modules/rcpsp-instances/MSPSP/set-1b/inst_set1b_sf0.75_nc1.5_n40_m30_04.dzn.txt
set-1b,42,4,30,61,0.75,0.0625,1.4523809523809523,0.03542392566782811,./modules/rcpsp-instances/MSPSP/set-1b/inst_set1b_sf0.75_nc1.5_n40_m30_05.dzn.txt
set-1b,42,4,38,61,0.75,0.07916666666666666,1.4523809523809523,0.03542392566782811,./modules/rcpsp-instances/MSPSP/set-1b/inst_set1b_sf0.75_nc1.5_n40_m38_00.dzn.txt
set-1b,42,4,38,61,0.75,0.07916666666666666,1.4523809523809523,0.03542392566782811,./modules/rcpsp-instances/MSPSP/set-1b/inst_set1b_sf0.75_nc1.5_n40_m38_01.dzn.txt
set-1b,42,4,38,61,0.75,0.07916666666666666,1.4523809523809523,0.03542392566782811,./modules/rcpsp-instances/MSPSP/set-1b/inst_set1b_sf0.75_nc1.5_n40_m38_02.dzn.txt
set-1b,42,4,38,61,0.75,0.07916666666666666,1.4523809523809523,0.03542392566782811,./modules/rcpsp-instances/MSPSP/set-1b/inst_set1b_sf0.75_nc1.5_n40_m38_03.dzn.txt
set-1b,42,4,38,61,0.75,0.07916666666666666,1.4523809523809523,0.03542392566782811,./modules/rcpsp-instances/MSPSP/set-1b/inst_set1b_sf0.75_nc1.5_n40_m38_04.dzn.txt
set-1b,42,4,38,61,0.75,0.07916666666666666,1.4523809523809523,0.03542392566782811,./modules/rcpsp-instances/MSPSP/set-1b/inst_set1b_sf0.75_nc1.5_n40_m38_05.dzn.txt
set-1b,42,4,45,61,0.75,0.09375,1.4523809523809523,0.03542392566782811,./modules/rcpsp-instances/MSPSP/set-1b/inst_set1b_sf0.75_nc1.5_n40_m45_00.dzn.txt
set-1b,42,4,45,61,0.75,0.09375,1.4523809523809523,0.03542392566782811,./modules/rcpsp-instances/MSPSP/set-1b/inst_set1b_sf0.75_nc1.5_n40_m45_01.dzn.txt
set-1b,42,4,45,61,0.75,0.09375,1.4523809523809523,0.03542392566782811,./modules/rcpsp-instances/MSPSP/set-1b/inst_set1b_sf0.75_nc1.5_n40_m45_02.dzn.txt
set-1b,42,4,45,61,0.75,0.09375,1.4523809523809523,0.03542392566782811,./modules/rcpsp-instances/MSPSP/set-1b/inst_set1b_sf0.75_nc1.5_n40_m45_03.dzn.txt
set-1b,42,4,45,61,0.75,0.09375,1.4523809523809523,0.03542392566782811,./modules/rcpsp-instances/MSPSP/set-1b/inst_set1b_sf0.75_nc1.5_n40_m45_04.dzn.txt
set-1b,42,4,45,61,0.75,0.09375,1.4523809523809523,0.03542392566782811,./modules/rcpsp-instances/MSPSP/set-1b/inst_set1b_sf0.75_nc1.5_n40_m45_05.dzn.txt
set-1b,42,4,30,73,0.75,0.0625,1.7380952380952381,0.042392566782810684,./modules/rcpsp-instances/MSPSP/set-1b/inst_set1b_sf0.75_nc1.8_n40_m30_00.dzn.txt
set-1b,42,4,30,73,0.75,0.0625,1.7380952380952381,0.042392566782810684,./modules/rcpsp-instances/MSPSP/set-1b/inst_set1b_sf0.75_nc1.8_n40_m30_01.dzn.txt
set-1b,42,4,30,73,0.75,0.0625,1.7380952380952381,0.042392566782810684,./modules/rcpsp-instances/MSPSP/set-1b/inst_set1b_sf0.75_nc1.8_n40_m30_02.dzn.txt
set-1b,42,4,30,73,0.75,0.0625,1.7380952380952381,0.042392566782810684,./modules/rcpsp-instances/MSPSP/set-1b/inst_set1b_sf0.75_nc1.8_n40_m30_03.dzn.txt
set-1b,42,4,30,73,0.75,0.0625,1.7380952380952381,0.042392566782810684,./modules/rcpsp-instances/MSPSP/set-1b/inst_set1b_sf0.75_nc1.8_n40_m30_04.dzn.txt
set-1b,42,4,30,73,0.75,0.0625,1.7380952380952381,0.042392566782810684,./modules/rcpsp-instances/MSPSP/set-1b/inst_set1b_sf0.75_nc1.8_n40_m30_05.dzn.txt
set-1b,42,4,38,73,0.75,0.07916666666666666,1.7380952380952381,0.042392566782810684,./modules/rcpsp-instances/MSPSP/set-1b/inst_set1b_sf0.75_nc1.8_n40_m38_00.dzn.txt
set-1b,42,4,38,73,0.75,0.07916666666666666,1.7380952380952381,0.042392566782810684,./modules/rcpsp-instances/MSPSP/set-1b/inst_set1b_sf0.75_nc1.8_n40_m38_01.dzn.txt
set-1b,42,4,38,73,0.75,0.07916666666666666,1.7380952380952381,0.042392566782810684,./modules/rcpsp-instances/MSPSP/set-1b/inst_set1b_sf0.75_nc1.8_n40_m38_02.dzn.txt
set-1b,42,4,38,73,0.75,0.07916666666666666,1.7380952380952381,0.042392566782810684,./modules/rcpsp-instances/MSPSP/set-1b/inst_set1b_sf0.75_nc1.8_n40_m38_03.dzn.txt
set-1b,42,4,38,73,0.75,0.07916666666666666,1.7380952380952381,0.042392566782810684,./modules/rcpsp-instances/MSPSP/set-1b/inst_set1b_sf0.75_nc1.8_n40_m38_04.dzn.txt
set-1b,42,4,38,73,0.75,0.07916666666666666,1.7380952380952381,0.042392566782810684,./modules/rcpsp-instances/MSPSP/set-1b/inst_set1b_sf0.75_nc1.8_n40_m38_05.dzn.txt
set-1b,42,4,45,73,0.75,0.09375,1.7380952380952381,0.042392566782810684,./modules/rcpsp-instances/MSPSP/set-1b/inst_set1b_sf0.75_nc1.8_n40_m45_00.dzn.txt
set-1b,42,4,45,73,0.75,0.09375,1.7380952380952381,0.042392566782810684,./modules/rcpsp-instances/MSPSP/set-1b/inst_set1b_sf0.75_nc1.8_n40_m45_01.dzn.txt
set-1b,42,4,45,73,0.75,0.09375,1.7380952380952381,0.042392566782810684,./modules/rcpsp-instances/MSPSP/set-1b/inst_set1b_sf0.75_nc1.8_n40_m45_02.dzn.txt
set-1b,42,4,45,73,0.75,0.09375,1.7380952380952381,0.042392566782810684,./modules/rcpsp-instances/MSPSP/set-1b/inst_set1b_sf0.75_nc1.8_n40_m45_03.dzn.txt
set-1b,42,4,45,73,0.75,0.09375,1.7380952380952381,0.042392566782810684,./modules/rcpsp-instances/MSPSP/set-1b/inst_set1b_sf0.75_nc1.8_n40_m45_04.dzn.txt
set-1b,42,4,45,73,0.75,0.09375,1.7380952380952381,0.042392566782810684,./modules/rcpsp-instances/MSPSP/set-1b/inst_set1b_sf0.75_nc1.8_n40_m45_05.dzn.txt
set-1b,42,4,30,85,0.75,0.0625,2.0238095238095237,0.04936120789779326,./modules/rcpsp-instances/MSPSP/set-1b/inst_set1b_sf0.75_nc2.1_n40_m30_00.dzn.txt
set-1b,42,4,30,85,0.75,0.0625,2.0238095238095237,0.04936120789779326,./modules/rcpsp-instances/MSPSP/set-1b/inst_set1b_sf0.75_nc2.1_n40_m30_01.dzn.txt
set-1b,42,4,30,85,0.75,0.0625,2.0238095238095237,0.04936120789779326,./modules/rcpsp-instances/MSPSP/set-1b/inst_set1b_sf0.75_nc2.1_n40_m30_02.dzn.txt
set-1b,42,4,30,85,0.75,0.0625,2.0238095238095237,0.04936120789779326,./modules/rcpsp-instances/MSPSP/set-1b/inst_set1b_sf0.75_nc2.1_n40_m30_03.dzn.txt
set-1b,42,4,30,85,0.75,0.0625,2.0238095238095237,0.04936120789779326,./modules/rcpsp-instances/MSPSP/set-1b/inst_set1b_sf0.75_nc2.1_n40_m30_04.dzn.txt
set-1b,42,4,30,85,0.75,0.0625,2.0238095238095237,0.04936120789779326,./modules/rcpsp-instances/MSPSP/set-1b/inst_set1b_sf0.75_nc2.1_n40_m30_05.dzn.txt
set-1b,42,4,38,85,0.75,0.07916666666666666,2.0238095238095237,0.04936120789779326,./modules/rcpsp-instances/MSPSP/set-1b/inst_set1b_sf0.75_nc2.1_n40_m38_00.dzn.txt
set-1b,42,4,38,85,0.75,0.07916666666666666,2.0238095238095237,0.04936120789779326,./modules/rcpsp-instances/MSPSP/set-1b/inst_set1b_sf0.75_nc2.1_n40_m38_01.dzn.txt
set-1b,42,4,38,85,0.75,0.07916666666666666,2.0238095238095237,0.04936120789779326,./modules/rcpsp-instances/MSPSP/set-1b/inst_set1b_sf0.75_nc2.1_n40_m38_02.dzn.txt
set-1b,42,4,38,85,0.75,0.07916666666666666,2.0238095238095237,0.04936120789779326,./modules/rcpsp-instances/MSPSP/set-1b/inst_set1b_sf0.75_nc2.1_n40_m38_03.dzn.txt
set-1b,42,4,38,85,0.75,0.07916666666666666,2.0238095238095237,0.04936120789779326,./modules/rcpsp-instances/MSPSP/set-1b/inst_set1b_sf0.75_nc2.1_n40_m38_04.dzn.txt
set-1b,42,4,38,85,0.75,0.07916666666666666,2.0238095238095237,0.04936120789779326,./modules/rcpsp-instances/MSPSP/set-1b/inst_set1b_sf0.75_nc2.1_n40_m38_05.dzn.txt
set-1b,42,4,45,85,0.75,0.09375,2.0238095238095237,0.04936120789779326,./modules/rcpsp-instances/MSPSP/set-1b/inst_set1b_sf0.75_nc2.1_n40_m45_00.dzn.txt
set-1b,42,4,45,85,0.75,0.09375,2.0238095238095237,0.04936120789779326,./modules/rcpsp-instances/MSPSP/set-1b/inst_set1b_sf0.75_nc2.1_n40_m45_01.dzn.txt
set-1b,42,4,45,85,0.75,0.09375,2.0238095238095237,0.04936120789779326,./modules/rcpsp-instances/MSPSP/set-1b/inst_set1b_sf0.75_nc2.1_n40_m45_02.dzn.txt
set-1b,42,4,45,85,0.75,0.09375,2.0238095238095237,0.04936120789779326,./modules/rcpsp-instances/MSPSP/set-1b/inst_set1b_sf0.75_nc2.1_n40_m45_03.dzn.txt
set-1b,42,4,45,85,0.75,0.09375,2.0238095238095237,0.04936120789779326,./modules/rcpsp-instances/MSPSP/set-1b/inst_set1b_sf0.75_nc2.1_n40_m45_04.dzn.txt
set-1b,42,4,45,85,0.75,0.09375,2.0238095238095237,0.04936120789779326,./modules/rcpsp-instances/MSPSP/set-1b/inst_set1b_sf0.75_nc2.1_n40_m45_05.dzn.txt
set-1b,42,4,30,61,0.75625,0.06198347107438017,1.4523809523809523,0.03542392566782811,./modules/rcpsp-instances/MSPSP/set-1b/inst_set1b_sf0_nc1.5_n40_m30_00.dzn.txt
set-1b,42,4,30,61,0.76875,0.06097560975609756,1.4523809523809523,0.03542392566782811,./modules/rcpsp-instances/MSPSP/set-1b/inst_set1b_sf0_nc1.5_n40_m30_01.dzn.txt
set-1b,42,4,30,61,0.7,0.06696428571428571,1.4523809523809523,0.03542392566782811,./modules/rcpsp-instances/MSPSP/set-1b/inst_set1b_sf0_nc1.5_n40_m30_02.dzn.txt
set-1b,42,4,30,61,0.725,0.06465517241379311,1.4523809523809523,0.03542392566782811,./modules/rcpsp-instances/MSPSP/set-1b/inst_set1b_sf0_nc1.5_n40_m30_03.dzn.txt
set-1b,42,4,30,61,0.7625,0.06147540983606557,1.4523809523809523,0.03542392566782811,./modules/rcpsp-instances/MSPSP/set-1b/inst_set1b_sf0_nc1.5_n40_m30_04.dzn.txt
set-1b,42,4,30,61,0.76875,0.06097560975609756,1.4523809523809523,0.03542392566782811,./modules/rcpsp-instances/MSPSP/set-1b/inst_set1b_sf0_nc1.5_n40_m30_05.dzn.txt
set-1b,42,4,38,61,0.74375,0.07983193277310924,1.4523809523809523,0.03542392566782811,./modules/rcpsp-instances/MSPSP/set-1b/inst_set1b_sf0_nc1.5_n40_m38_00.dzn.txt
set-1b,42,4,38,61,0.76875,0.07723577235772358,1.4523809523809523,0.03542392566782811,./modules/rcpsp-instances/MSPSP/set-1b/inst_set1b_sf0_nc1.5_n40_m38_01.dzn.txt
set-1b,42,4,38,61,0.8125,0.07307692307692308,1.4523809523809523,0.03542392566782811,./modules/rcpsp-instances/MSPSP/set-1b/inst_set1b_sf0_nc1.5_n40_m38_02.dzn.txt
set-1b,42,4,38,61,0.71875,0.08260869565217391,1.4523809523809523,0.03542392566782811,./modules/rcpsp-instances/MSPSP/set-1b/inst_set1b_sf0_nc1.5_n40_m38_03.dzn.txt
set-1b,42,4,38,61,0.74375,0.07983193277310924,1.4523809523809523,0.03542392566782811,./modules/rcpsp-instances/MSPSP/set-1b/inst_set1b_sf0_nc1.5_n40_m38_04.dzn.txt
set-1b,42,4,38,61,0.7375,0.08050847457627118,1.4523809523809523,0.03542392566782811,./modules/rcpsp-instances/MSPSP/set-1b/inst_set1b_sf0_nc1.5_n40_m38_05.dzn.txt
set-1b,42,4,45,61,0.825,0.08522727272727272,1.4523809523809523,0.03542392566782811,./modules/rcpsp-instances/MSPSP/set-1b/inst_set1b_sf0_nc1.5_n40_m45_00.dzn.txt
set-1b,42,4,45,61,0.73125,0.09615384615384616,1.4523809523809523,0.03542392566782811,./modules/rcpsp-instances/MSPSP/set-1b/inst_set1b_sf0_nc1.5_n40_m45_01.dzn.txt
set-1b,42,4,45,61,0.74375,0.09453781512605042,1.4523809523809523,0.03542392566782811,./modules/rcpsp-instances/MSPSP/set-1b/inst_set1b_sf0_nc1.5_n40_m45_02.dzn.txt
set-1b,42,4,45,61,0.75625,0.09297520661157024,1.4523809523809523,0.03542392566782811,./modules/rcpsp-instances/MSPSP/set-1b/inst_set1b_sf0_nc1.5_n40_m45_03.dzn.txt
set-1b,42,4,45,61,0.73125,0.09615384615384616,1.4523809523809523,0.03542392566782811,./modules/rcpsp-instances/MSPSP/set-1b/inst_set1b_sf0_nc1.5_n40_m45_04.dzn.txt
set-1b,42,4,45,61,0.68125,0.10321100917431193,1.4523809523809523,0.03542392566782811,./modules/rcpsp-instances/MSPSP/set-1b/inst_set1b_sf0_nc1.5_n40_m45_05.dzn.txt
set-1b,42,4,30,73,0.7375,0.0635593220338983,1.7380952380952381,0.042392566782810684,./modules/rcpsp-instances/MSPSP/set-1b/inst_set1b_sf0_nc1.8_n40_m30_00.dzn.txt
set-1b,42,4,30,73,0.75,0.0625,1.7380952380952381,0.042392566782810684,./modules/rcpsp-instances/MSPSP/set-1b/inst_set1b_sf0_nc1.8_n40_m30_01.dzn.txt
set-1b,42,4,30,73,0.74375,0.06302521008403361,1.7380952380952381,0.042392566782810684,./modules/rcpsp-instances/MSPSP/set-1b/inst_set1b_sf0_nc1.8_n40_m30_02.dzn.txt
set-1b,42,4,30,73,0.725,0.06465517241379311,1.7380952380952381,0.042392566782810684,./modules/rcpsp-instances/MSPSP/set-1b/inst_set1b_sf0_nc1.8_n40_m30_03.dzn.txt
set-1b,42,4,30,73,0.7125,0.06578947368421052,1.7380952380952381,0.042392566782810684,./modules/rcpsp-instances/MSPSP/set-1b/inst_set1b_sf0_nc1.8_n40_m30_04.dzn.txt
set-1b,42,4,30,73,0.73125,0.0641025641025641,1.7380952380952381,0.042392566782810684,./modules/rcpsp-instances/MSPSP/set-1b/inst_set1b_sf0_nc1.8_n40_m30_05.dzn.txt
set-1b,42,4,38,73,0.75625,0.07851239669421488,1.7380952380952381,0.042392566782810684,./modules/rcpsp-instances/MSPSP/set-1b/inst_set1b_sf0_nc1.8_n40_m38_00.dzn.txt
set-1b,42,4,38,73,0.75,0.07916666666666666,1.7380952380952381,0.042392566782810684,./modules/rcpsp-instances/MSPSP/set-1b/inst_set1b_sf0_nc1.8_n40_m38_01.dzn.txt
set-1b,42,4,38,73,0.75,0.07916666666666666,1.7380952380952381,0.042392566782810684,./modules/rcpsp-instances/MSPSP/set-1b/inst_set1b_sf0_nc1.8_n40_m38_02.dzn.txt
set-1b,42,4,38,73,0.8,0.07421875,1.7380952380952381,0.042392566782810684,./modules/rcpsp-instances/MSPSP/set-1b/inst_set1b_sf0_nc1.8_n40_m38_03.dzn.txt
set-1b,42,4,38,73,0.725,0.08189655172413793,1.7380952380952381,0.042392566782810684,./modules/rcpsp-instances/MSPSP/set-1b/inst_set1b_sf0_nc1.8_n40_m38_04.dzn.txt
set-1b,42,4,38,73,0.675,0.08796296296296297,1.7380952380952381,0.042392566782810684,./modules/rcpsp-instances/MSPSP/set-1b/inst_set1b_sf0_nc1.8_n40_m38_05.dzn.txt
set-1b,42,4,45,73,0.71875,0.09782608695652174,1.7380952380952381,0.042392566782810684,./modules/rcpsp-instances/MSPSP/set-1b/inst_set1b_sf0_nc1.8_n40_m45_00.dzn.txt
set-1b,42,4,45,73,0.775,0.0907258064516129,1.7380952380952381,0.042392566782810684,./modules/rcpsp-instances/MSPSP/set-1b/inst_set1b_sf0_nc1.8_n40_m45_01.dzn.txt
set-1b,42,4,45,73,0.725,0.09698275862068965,1.7380952380952381,0.042392566782810684,./modules/rcpsp-instances/MSPSP/set-1b/inst_set1b_sf0_nc1.8_n40_m45_02.dzn.txt
set-1b,42,4,45,73,0.75,0.09375,1.7380952380952381,0.042392566782810684,./modules/rcpsp-instances/MSPSP/set-1b/inst_set1b_sf0_nc1.8_n40_m45_03.dzn.txt
set-1b,42,4,45,73,0.79375,0.08858267716535433,1.7380952380952381,0.042392566782810684,./modules/rcpsp-instances/MSPSP/set-1b/inst_set1b_sf0_nc1.8_n40_m45_04.dzn.txt
set-1b,42,4,45,73,0.70625,0.09955752212389381,1.7380952380952381,0.042392566782810684,./modules/rcpsp-instances/MSPSP/set-1b/inst_set1b_sf0_nc1.8_n40_m45_05.dzn.txt
set-1b,42,4,30,85,0.79375,0.05905511811023622,2.0238095238095237,0.04936120789779326,./modules/rcpsp-instances/MSPSP/set-1b/inst_set1b_sf0_nc2.1_n40_m30_00.dzn.txt
set-1b,42,4,30,85,0.7375,0.0635593220338983,2.0238095238095237,0.04936120789779326,./modules/rcpsp-instances/MSPSP/set-1b/inst_set1b_sf0_nc2.1_n40_m30_01.dzn.txt
set-1b,42,4,30,85,0.76875,0.06097560975609756,2.0238095238095237,0.04936120789779326,./modules/rcpsp-instances/MSPSP/set-1b/inst_set1b_sf0_nc2.1_n40_m30_02.dzn.txt
set-1b,42,4,30,85,0.74375,0.06302521008403361,2.0238095238095237,0.04936120789779326,./modules/rcpsp-instances/MSPSP/set-1b/inst_set1b_sf0_nc2.1_n40_m30_03.dzn.txt
set-1b,42,4,30,85,0.7375,0.0635593220338983,2.0238095238095237,0.04936120789779326,./modules/rcpsp-instances/MSPSP/set-1b/inst_set1b_sf0_nc2.1_n40_m30_04.dzn.txt
set-1b,42,4,30,85,0.7625,0.06147540983606557,2.0238095238095237,0.04936120789779326,./modules/rcpsp-instances/MSPSP/set-1b/inst_set1b_sf0_nc2.1_n40_m30_05.dzn.txt
set-1b,42,4,38,85,0.775,0.07661290322580645,2.0238095238095237,0.04936120789779326,./modules/rcpsp-instances/MSPSP/set-1b/inst_set1b_sf0_nc2.1_n40_m38_00.dzn.txt
set-1b,42,4,38,85,0.78125,0.076,2.0238095238095237,0.04936120789779326,./modules/rcpsp-instances/MSPSP/set-1b/inst_set1b_sf0_nc2.1_n40_m38_01.dzn.txt
set-1b,42,4,38,85,0.8125,0.07307692307692308,2.0238095238095237,0.04936120789779326,./modules/rcpsp-instances/MSPSP/set-1b/inst_set1b_sf0_nc2.1_n40_m38_02.dzn.txt
set-1b,42,4,38,85,0.74375,0.07983193277310924,2.0238095238095237,0.04936120789779326,./modules/rcpsp-instances/MSPSP/set-1b/inst_set1b_sf0_nc2.1_n40_m38_03.dzn.txt
set-1b,42,4,38,85,0.76875,0.07723577235772358,2.0238095238095237,0.04936120789779326,./modules/rcpsp-instances/MSPSP/set-1b/inst_set1b_sf0_nc2.1_n40_m38_04.dzn.txt
set-1b,42,4,38,85,0.7875,0.07539682539682539,2.0238095238095237,0.04936120789779326,./modules/rcpsp-instances/MSPSP/set-1b/inst_set1b_sf0_nc2.1_n40_m38_05.dzn.txt
set-1b,42,4,45,85,0.7875,0.08928571428571429,2.0238095238095237,0.04936120789779326,./modules/rcpsp-instances/MSPSP/set-1b/inst_set1b_sf0_nc2.1_n40_m45_00.dzn.txt
set-1b,42,4,45,85,0.8125,0.08653846153846154,2.0238095238095237,0.04936120789779326,./modules/rcpsp-instances/MSPSP/set-1b/inst_set1b_sf0_nc2.1_n40_m45_01.dzn.txt
set-1b,42,4,45,85,0.75,0.09375,2.0238095238095237,0.04936120789779326,./modules/rcpsp-instances/MSPSP/set-1b/inst_set1b_sf0_nc2.1_n40_m45_02.dzn.txt
set-1b,42,4,45,85,0.75,0.09375,2.0238095238095237,0.04936120789779326,./modules/rcpsp-instances/MSPSP/set-1b/inst_set1b_sf0_nc2.1_n40_m45_03.dzn.txt
set-1b,42,4,45,85,0.75,0.09375,2.0238095238095237,0.04936120789779326,./modules/rcpsp-instances/MSPSP/set-1b/inst_set1b_sf0_nc2.1_n40_m45_04.dzn.txt
set-1b,42,4,45,85,0.74375,0.09453781512605042,2.0238095238095237,0.04936120789779326,./modules/rcpsp-instances/MSPSP/set-1b/inst_set1b_sf0_nc2.1_n40_m45_05.dzn.txt
set-1b,42,4,40,61,1.0,0.0625,1.4523809523809523,0.03542392566782811,./modules/rcpsp-instances/MSPSP/set-1b/inst_set1b_sf1_nc1.5_n40_m40_00.dzn.txt
set-1b,42,4,40,61,1.0,0.0625,1.4523809523809523,0.03542392566782811,./modules/rcpsp-instances/MSPSP/set-1b/inst_set1b_sf1_nc1.5_n40_m40_01.dzn.txt
set-1b,42,4,40,61,1.0,0.0625,1.4523809523809523,0.03542392566782811,./modules/rcpsp-instances/MSPSP/set-1b/inst_set1b_sf1_nc1.5_n40_m40_02.dzn.txt
set-1b,42,4,40,61,1.0,0.0625,1.4523809523809523,0.03542392566782811,./modules/rcpsp-instances/MSPSP/set-1b/inst_set1b_sf1_nc1.5_n40_m40_03.dzn.txt
set-1b,42,4,40,61,1.0,0.0625,1.4523809523809523,0.03542392566782811,./modules/rcpsp-instances/MSPSP/set-1b/inst_set1b_sf1_nc1.5_n40_m40_04.dzn.txt
set-1b,42,4,40,61,1.0,0.0625,1.4523809523809523,0.03542392566782811,./modules/rcpsp-instances/MSPSP/set-1b/inst_set1b_sf1_nc1.5_n40_m40_05.dzn.txt
set-1b,42,4,50,61,1.0,0.078125,1.4523809523809523,0.03542392566782811,./modules/rcpsp-instances/MSPSP/set-1b/inst_set1b_sf1_nc1.5_n40_m50_00.dzn.txt
set-1b,42,4,50,61,1.0,0.078125,1.4523809523809523,0.03542392566782811,./modules/rcpsp-instances/MSPSP/set-1b/inst_set1b_sf1_nc1.5_n40_m50_01.dzn.txt
set-1b,42,4,50,61,1.0,0.078125,1.4523809523809523,0.03542392566782811,./modules/rcpsp-instances/MSPSP/set-1b/inst_set1b_sf1_nc1.5_n40_m50_02.dzn.txt
set-1b,42,4,50,61,1.0,0.078125,1.4523809523809523,0.03542392566782811,./modules/rcpsp-instances/MSPSP/set-1b/inst_set1b_sf1_nc1.5_n40_m50_03.dzn.txt
set-1b,42,4,50,61,1.0,0.078125,1.4523809523809523,0.03542392566782811,./modules/rcpsp-instances/MSPSP/set-1b/inst_set1b_sf1_nc1.5_n40_m50_04.dzn.txt
set-1b,42,4,50,61,1.0,0.078125,1.4523809523809523,0.03542392566782811,./modules/rcpsp-instances/MSPSP/set-1b/inst_set1b_sf1_nc1.5_n40_m50_05.dzn.txt
set-1b,42,4,60,61,1.0,0.09375,1.4523809523809523,0.03542392566782811,./modules/rcpsp-instances/MSPSP/set-1b/inst_set1b_sf1_nc1.5_n40_m60_00.dzn.txt
set-1b,42,4,60,61,1.0,0.09375,1.4523809523809523,0.03542392566782811,./modules/rcpsp-instances/MSPSP/set-1b/inst_set1b_sf1_nc1.5_n40_m60_01.dzn.txt
set-1b,42,4,60,61,1.0,0.09375,1.4523809523809523,0.03542392566782811,./modules/rcpsp-instances/MSPSP/set-1b/inst_set1b_sf1_nc1.5_n40_m60_02.dzn.txt
set-1b,42,4,60,61,1.0,0.09375,1.4523809523809523,0.03542392566782811,./modules/rcpsp-instances/MSPSP/set-1b/inst_set1b_sf1_nc1.5_n40_m60_03.dzn.txt
set-1b,42,4,60,61,1.0,0.09375,1.4523809523809523,0.03542392566782811,./modules/rcpsp-instances/MSPSP/set-1b/inst_set1b_sf1_nc1.5_n40_m60_04.dzn.txt
set-1b,42,4,60,61,1.0,0.09375,1.4523809523809523,0.03542392566782811,./modules/rcpsp-instances/MSPSP/set-1b/inst_set1b_sf1_nc1.5_n40_m60_05.dzn.txt
set-1b,42,4,40,73,1.0,0.0625,1.7380952380952381,0.042392566782810684,./modules/rcpsp-instances/MSPSP/set-1b/inst_set1b_sf1_nc1.8_n40_m40_00.dzn.txt
set-1b,42,4,40,73,1.0,0.0625,1.7380952380952381,0.042392566782810684,./modules/rcpsp-instances/MSPSP/set-1b/inst_set1b_sf1_nc1.8_n40_m40_01.dzn.txt
set-1b,42,4,40,73,1.0,0.0625,1.7380952380952381,0.042392566782810684,./modules/rcpsp-instances/MSPSP/set-1b/inst_set1b_sf1_nc1.8_n40_m40_02.dzn.txt
set-1b,42,4,40,73,1.0,0.0625,1.7380952380952381,0.042392566782810684,./modules/rcpsp-instances/MSPSP/set-1b/inst_set1b_sf1_nc1.8_n40_m40_03.dzn.txt
set-1b,42,4,40,73,1.0,0.0625,1.7380952380952381,0.042392566782810684,./modules/rcpsp-instances/MSPSP/set-1b/inst_set1b_sf1_nc1.8_n40_m40_04.dzn.txt
set-1b,42,4,40,73,1.0,0.0625,1.7380952380952381,0.042392566782810684,./modules/rcpsp-instances/MSPSP/set-1b/inst_set1b_sf1_nc1.8_n40_m40_05.dzn.txt
set-1b,42,4,50,73,1.0,0.078125,1.7380952380952381,0.042392566782810684,./modules/rcpsp-instances/MSPSP/set-1b/inst_set1b_sf1_nc1.8_n40_m50_00.dzn.txt
set-1b,42,4,50,73,1.0,0.078125,1.7380952380952381,0.042392566782810684,./modules/rcpsp-instances/MSPSP/set-1b/inst_set1b_sf1_nc1.8_n40_m50_01.dzn.txt
set-1b,42,4,50,73,1.0,0.078125,1.7380952380952381,0.042392566782810684,./modules/rcpsp-instances/MSPSP/set-1b/inst_set1b_sf1_nc1.8_n40_m50_02.dzn.txt
set-1b,42,4,50,73,1.0,0.078125,1.7380952380952381,0.042392566782810684,./modules/rcpsp-instances/MSPSP/set-1b/inst_set1b_sf1_nc1.8_n40_m50_03.dzn.txt
set-1b,42,4,50,73,1.0,0.078125,1.7380952380952381,0.042392566782810684,./modules/rcpsp-instances/MSPSP/set-1b/inst_set1b_sf1_nc1.8_n40_m50_04.dzn.txt
set-1b,42,4,50,73,1.0,0.078125,1.7380952380952381,0.042392566782810684,./modules/rcpsp-instances/MSPSP/set-1b/inst_set1b_sf1_nc1.8_n40_m50_05.dzn.txt
set-1b,42,4,60,73,1.0,0.09375,1.7380952380952381,0.042392566782810684,./modules/rcpsp-instances/MSPSP/set-1b/inst_set1b_sf1_nc1.8_n40_m60_00.dzn.txt
set-1b,42,4,60,73,1.0,0.09375,1.7380952380952381,0.042392566782810684,./modules/rcpsp-instances/MSPSP/set-1b/inst_set1b_sf1_nc1.8_n40_m60_01.dzn.txt
set-1b,42,4,60,73,1.0,0.09375,1.7380952380952381,0.042392566782810684,./modules/rcpsp-instances/MSPSP/set-1b/inst_set1b_sf1_nc1.8_n40_m60_02.dzn.txt
set-1b,42,4,60,73,1.0,0.09375,1.7380952380952381,0.042392566782810684,./modules/rcpsp-instances/MSPSP/set-1b/inst_set1b_sf1_nc1.8_n40_m60_03.dzn.txt
set-1b,42,4,60,73,1.0,0.09375,1.7380952380952381,0.042392566782810684,./modules/rcpsp-instances/MSPSP/set-1b/inst_set1b_sf1_nc1.8_n40_m60_04.dzn.txt
set-1b,42,4,60,73,1.0,0.09375,1.7380952380952381,0.042392566782810684,./modules/rcpsp-instances/MSPSP/set-1b/inst_set1b_sf1_nc1.8_n40_m60_05.dzn.txt
set-1b,42,4,40,85,1.0,0.0625,2.0238095238095237,0.04936120789779326,./modules/rcpsp-instances/MSPSP/set-1b/inst_set1b_sf1_nc2.1_n40_m40_00.dzn.txt
set-1b,42,4,40,85,1.0,0.0625,2.0238095238095237,0.04936120789779326,./modules/rcpsp-instances/MSPSP/set-1b/inst_set1b_sf1_nc2.1_n40_m40_01.dzn.txt
set-1b,42,4,40,85,1.0,0.0625,2.0238095238095237,0.04936120789779326,./modules/rcpsp-instances/MSPSP/set-1b/inst_set1b_sf1_nc2.1_n40_m40_02.dzn.txt
set-1b,42,4,40,85,1.0,0.0625,2.0238095238095237,0.04936120789779326,./modules/rcpsp-instances/MSPSP/set-1b/inst_set1b_sf1_nc2.1_n40_m40_03.dzn.txt
set-1b,42,4,40,85,1.0,0.0625,2.0238095238095237,0.04936120789779326,./modules/rcpsp-instances/MSPSP/set-1b/inst_set1b_sf1_nc2.1_n40_m40_04.dzn.txt
set-1b,42,4,40,85,1.0,0.0625,2.0238095238095237,0.04936120789779326,./modules/rcpsp-instances/MSPSP/set-1b/inst_set1b_sf1_nc2.1_n40_m40_05.dzn.txt
set-1b,42,4,50,85,1.0,0.078125,2.0238095238095237,0.04936120789779326,./modules/rcpsp-instances/MSPSP/set-1b/inst_set1b_sf1_nc2.1_n40_m50_00.dzn.txt
set-1b,42,4,50,85,1.0,0.078125,2.0238095238095237,0.04936120789779326,./modules/rcpsp-instances/MSPSP/set-1b/inst_set1b_sf1_nc2.1_n40_m50_01.dzn.txt
set-1b,42,4,50,85,1.0,0.078125,2.0238095238095237,0.04936120789779326,./modules/rcpsp-instances/MSPSP/set-1b/inst_set1b_sf1_nc2.1_n40_m50_02.dzn.txt
set-1b,42,4,50,85,1.0,0.078125,2.0238095238095237,0.04936120789779326,./modules/rcpsp-instances/MSPSP/set-1b/inst_set1b_sf1_nc2.1_n40_m50_03.dzn.txt
set-1b,42,4,50,85,1.0,0.078125,2.0238095238095237,0.04936120789779326,./modules/rcpsp-instances/MSPSP/set-1b/inst_set1b_sf1_nc2.1_n40_m50_04.dzn.txt
set-1b,42,4,50,85,1.0,0.078125,2.0238095238095237,0.04936120789779326,./modules/rcpsp-instances/MSPSP/set-1b/inst_set1b_sf1_nc2.1_n40_m50_05.dzn.txt
set-1b,42,4,60,85,1.0,0.09375,2.0238095238095237,0.04936120789779326,./modules/rcpsp-instances/MSPSP/set-1b/inst_set1b_sf1_nc2.1_n40_m60_00.dzn.txt
set-1b,42,4,60,85,1.0,0.09375,2.0238095238095237,0.04936120789779326,./modules/rcpsp-instances/MSPSP/set-1b/inst_set1b_sf1_nc2.1_n40_m60_01.dzn.txt
set-1b,42,4,60,85,1.0,0.09375,2.0238095238095237,0.04936120789779326,./modules/rcpsp-instances/MSPSP/set-1b/inst_set1b_sf1_nc2.1_n40_m60_02.dzn.txt
set-1b,42,4,60,85,1.0,0.09375,2.0238095238095237,0.04936120789779326,./modules/rcpsp-instances/MSPSP/set-1b/inst_set1b_sf1_nc2.1_n40_m60_03.dzn.txt
set-1b,42,4,60,85,1.0,0.09375,2.0238095238095237,0.04936120789779326,./modules/rcpsp-instances/MSPSP/set-1b/inst_set1b_sf1_nc2.1_n40_m60_04.dzn.txt
set-1b,42,4,60,85,1.0,0.09375,2.0238095238095237,0.04936120789779326,./modules/rcpsp-instances/MSPSP/set-1b/inst_set1b_sf1_nc2.1_n40_m60_05.dzn.txt
set-2a,27,3,10,39,0.7066666666666667,0.07547169811320754,1.4444444444444444,0.05555555555555555,./modules/rcpsp-instances/MSPSP/set-2a/inst_set2a_sf0_nc1.5_n25_l3_m10_00.dzn.txt
set-2a,27,3,10,38,0.7066666666666667,0.07547169811320754,1.4074074074074074,0.05413105413105413,./modules/rcpsp-instances/MSPSP/set-2a/inst_set2a_sf0_nc1.5_n25_l3_m10_01.dzn.txt
set-2a,27,3,10,39,0.6133333333333333,0.08695652173913043,1.4444444444444444,0.05555555555555555,./modules/rcpsp-instances/MSPSP/set-2a/inst_set2a_sf0_nc1.5_n25_l3_m10_02.dzn.txt
set-2a,27,3,10,37,0.7066666666666667,0.07547169811320754,1.3703703703703705,0.05270655270655271,./modules/rcpsp-instances/MSPSP/set-2a/inst_set2a_sf0_nc1.5_n25_l3_m10_03.dzn.txt
set-2a,27,3,10,38,0.7066666666666667,0.07547169811320754,1.4074074074074074,0.05413105413105413,./modules/rcpsp-instances/MSPSP/set-2a/inst_set2a_sf0_nc1.5_n25_l3_m10_04.dzn.txt
set-2a,27,3,10,36,0.7066666666666667,0.07547169811320754,1.3333333333333333,0.05128205128205128,./modules/rcpsp-instances/MSPSP/set-2a/inst_set2a_sf0_nc1.5_n25_l3_m10_05.dzn.txt
set-2a,27,3,10,35,0.7066666666666667,0.07547169811320754,1.2962962962962963,0.04985754985754986,./modules/rcpsp-instances/MSPSP/set-2a/inst_set2a_sf0_nc1.5_n25_l3_m10_06.dzn.txt
set-2a,27,8,10,38,0.375,0.05333333333333334,1.4074074074074074,0.05413105413105413,./modules/rcpsp-instances/MSPSP/set-2a/inst_set2a_sf0_nc1.5_n25_l8_m10_00.dzn.txt
set-2a,27,8,10,37,0.375,0.05333333333333334,1.3703703703703705,0.05270655270655271,./modules/rcpsp-instances/MSPSP/set-2a/inst_set2a_sf0_nc1.5_n25_l8_m10_01.dzn.txt
set-2a,27,8,10,38,0.375,0.05333333333333334,1.4074074074074074,0.05413105413105413,./modules/rcpsp-instances/MSPSP/set-2a/inst_set2a_sf0_nc1.5_n25_l8_m10_02.dzn.txt
set-2a,27,8,10,39,0.375,0.05333333333333334,1.4444444444444444,0.05555555555555555,./modules/rcpsp-instances/MSPSP/set-2a/inst_set2a_sf0_nc1.5_n25_l8_m10_03.dzn.txt
set-2a,27,8,10,35,0.405,0.04938271604938271,1.2962962962962963,0.04985754985754986,./modules/rcpsp-instances/MSPSP/set-2a/inst_set2a_sf0_nc1.5_n25_l8_m10_04.dzn.txt
set-2a,27,8,10,36,0.375,0.05333333333333334,1.3333333333333333,0.05128205128205128,./modules/rcpsp-instances/MSPSP/set-2a/inst_set2a_sf0_nc1.5_n25_l8_m10_05.dzn.txt
set-2a,27,8,10,35,0.375,0.05333333333333334,1.2962962962962963,0.04985754985754986,./modules/rcpsp-instances/MSPSP/set-2a/inst_set2a_sf0_nc1.5_n25_l8_m10_06.dzn.txt
set-2a,27,8,10,39,0.405,0.04938271604938271,1.4444444444444444,0.05555555555555555,./modules/rcpsp-instances/MSPSP/set-2a/inst_set2a_sf0_nc1.5_n25_l8_m10_07.dzn.txt
set-2a,27,8,10,39,0.375,0.05333333333333334,1.4444444444444444,0.05555555555555555,./modules/rcpsp-instances/MSPSP/set-2a/inst_set2a_sf0_nc1.5_n25_l8_m10_08.dzn.txt
set-2a,27,8,10,37,0.405,0.04938271604938271,1.3703703703703705,0.05270655270655271,./modules/rcpsp-instances/MSPSP/set-2a/inst_set2a_sf0_nc1.5_n25_l8_m10_09.dzn.txt
set-2a,27,8,10,39,0.405,0.04938271604938271,1.4444444444444444,0.05555555555555555,./modules/rcpsp-instances/MSPSP/set-2a/inst_set2a_sf0_nc1.5_n25_l8_m10_10.dzn.txt
set-2a,27,8,10,38,0.405,0.04938271604938271,1.4074074074074074,0.05413105413105413,./modules/rcpsp-instances/MSPSP/set-2a/inst_set2a_sf0_nc1.5_n25_l8_m10_11.dzn.txt
set-2a,27,8,10,38,0.405,0.04938271604938271,1.4074074074074074,0.05413105413105413,./modules/rcpsp-instances/MSPSP/set-2a/inst_set2a_sf0_nc1.5_n25_l8_m10_12.dzn.txt
set-2a,27,8,10,36,0.405,0.04938271604938271,1.3333333333333333,0.05128205128205128,./modules/rcpsp-instances/MSPSP/set-2a/inst_set2a_sf0_nc1.5_n25_l8_m10_13.dzn.txt
set-2a,20,2,6,33,0.75,0.12345679012345678,1.65,0.0868421052631579,./modules/rcpsp-instances/MSPSP/set-2a/inst_set2a_sf0_nc1.8_n18_l2_m6_00.dzn.txt
set-2a,20,3,10,31,0.6851851851851852,0.15015015015015012,1.55,0.08157894736842106,./modules/rcpsp-instances/MSPSP/set-2a/inst_set2a_sf0_nc1.8_n18_l3_m10_00.dzn.txt
set-2a,20,3,11,32,0.7222222222222222,0.15669515669515668,1.6,0.08421052631578947,./modules/rcpsp-instances/MSPSP/set-2a/inst_set2a_sf0_nc1.8_n18_l3_m11_00.dzn.txt
set-2a,20,3,11,31,0.7222222222222222,0.15669515669515668,1.55,0.08157894736842106,./modules/rcpsp-instances/MSPSP/set-2a/inst_set2a_sf0_nc1.8_n18_l3_m11_01.dzn.txt
set-2a,20,3,11,31,0.6851851851851852,0.16516516516516513,1.55,0.08157894736842106,./modules/rcpsp-instances/MSPSP/set-2a/inst_set2a_sf0_nc1.8_n18_l3_m11_02.dzn.txt
set-2a,20,3,5,32,0.7037037037037037,0.07309941520467836,1.6,0.08421052631578947,./modules/rcpsp-instances/MSPSP/set-2a/inst_set2a_sf0_nc1.8_n18_l3_m5_00.dzn.txt
set-2a,20,3,5,31,0.7777777777777778,0.06613756613756613,1.55,0.08157894736842106,./modules/rcpsp-instances/MSPSP/set-2a/inst_set2a_sf0_nc1.8_n18_l3_m5_01.dzn.txt
set-2a,20,8,10,31,0.3611111111111111,0.10683760683760683,1.55,0.08157894736842106,./modules/rcpsp-instances/MSPSP/set-2a/inst_set2a_sf0_nc1.8_n18_l8_m10_00.dzn.txt
set-2a,20,8,10,31,0.4027777777777778,0.09578544061302682,1.55,0.08157894736842106,./modules/rcpsp-instances/MSPSP/set-2a/inst_set2a_sf0_nc1.8_n18_l8_m10_01.dzn.txt
set-2a,20,8,10,33,0.3611111111111111,0.10683760683760683,1.65,0.0868421052631579,./modules/rcpsp-instances/MSPSP/set-2a/inst_set2a_sf0_nc1.8_n18_l8_m10_02.dzn.txt
set-2a,20,8,10,31,0.4027777777777778,0.09578544061302682,1.55,0.08157894736842106,./modules/rcpsp-instances/MSPSP/set-2a/inst_set2a_sf0_nc1.8_n18_l8_m10_03.dzn.txt
set-2a,20,8,10,31,0.3611111111111111,0.10683760683760683,1.55,0.08157894736842106,./modules/rcpsp-instances/MSPSP/set-2a/inst_set2a_sf0_nc1.8_n18_l8_m10_04.dzn.txt
set-2a,20,8,10,31,0.4027777777777778,0.09578544061302682,1.55,0.08157894736842106,./modules/rcpsp-instances/MSPSP/set-2a/inst_set2a_sf0_nc1.8_n18_l8_m10_05.dzn.txt
set-2a,20,8,10,32,0.4027777777777778,0.09578544061302682,1.6,0.08421052631578947,./modules/rcpsp-instances/MSPSP/set-2a/inst_set2a_sf0_nc1.8_n18_l8_m10_06.dzn.txt
set-2a,20,8,10,32,0.3611111111111111,0.10683760683760683,1.6,0.08421052631578947,./modules/rcpsp-instances/MSPSP/set-2a/inst_set2a_sf0_nc1.8_n18_l8_m10_07.dzn.txt
set-2a,20,8,10,31,0.3611111111111111,0.10683760683760683,1.55,0.08157894736842106,./modules/rcpsp-instances/MSPSP/set-2a/inst_set2a_sf0_nc1.8_n18_l8_m10_08.dzn.txt
set-2a,20,8,10,33,0.3819444444444444,0.10101010101010101,1.65,0.0868421052631579,./modules/rcpsp-instances/MSPSP/set-2a/inst_set2a_sf0_nc1.8_n18_l8_m10_09.dzn.txt
set-2a,20,8,10,31,0.3611111111111111,0.10683760683760683,1.55,0.08157894736842106,./modules/rcpsp-instances/MSPSP/set-2a/inst_set2a_sf0_nc1.8_n18_l8_m10_10.dzn.txt
set-2a,20,8,10,32,0.3611111111111111,0.10683760683760683,1.6,0.08421052631578947,./modules/rcpsp-instances/MSPSP/set-2a/inst_set2a_sf0_nc1.8_n18_l8_m10_11.dzn.txt
set-2a,20,8,10,32,0.4027777777777778,0.09578544061302682,1.6,0.08421052631578947,./modules/rcpsp-instances/MSPSP/set-2a/inst_set2a_sf0_nc1.8_n18_l8_m10_12.dzn.txt
set-2a,20,8,10,31,0.4027777777777778,0.09578544061302682,1.55,0.08157894736842106,./modules/rcpsp-instances/MSPSP/set-2a/inst_set2a_sf0_nc1.8_n18_l8_m10_13.dzn.txt
set-2a,51,3,10,85,0.6394557823129252,0.021710811984368215,1.6666666666666667,0.03333333333333333,./modules/rcpsp-instances/MSPSP/set-2a/inst_set2a_sf0_nc1.8_n49_l3_m10_00.dzn.txt
set-2a,51,3,10,87,0.6190476190476191,0.022426553038797935,1.7058823529411764,0.03411764705882353,./modules/rcpsp-instances/MSPSP/set-2a/inst_set2a_sf0_nc1.8_n49_l3_m10_01.dzn.txt
set-2a,51,3,10,87,0.6258503401360545,0.022182786157941437,1.7058823529411764,0.03411764705882353,./modules/rcpsp-instances/MSPSP/set-2a/inst_set2a_sf0_nc1.8_n49_l3_m10_02.dzn.txt
set-2a,51,8,10,85,0.375,0.013883104262113009,1.6666666666666667,0.03333333333333333,./modules/rcpsp-instances/MSPSP/set-2a/inst_set2a_sf0_nc1.8_n49_l8_m10_00.dzn.txt
set-2a,51,8,10,87,0.3852040816326531,0.013515339910798757,1.7058823529411764,0.03411764705882353,./modules/rcpsp-instances/MSPSP/set-2a/inst_set2a_sf0_nc1.8_n49_l8_m10_01.dzn.txt
set-2a,51,8,10,85,0.3852040816326531,0.013515339910798757,1.6666666666666667,0.03333333333333333,./modules/rcpsp-instances/MSPSP/set-2a/inst_set2a_sf0_nc1.8_n49_l8_m10_02.dzn.txt
set-2a,51,8,10,87,0.3852040816326531,0.013515339910798757,1.7058823529411764,0.03411764705882353,./modules/rcpsp-instances/MSPSP/set-2a/inst_set2a_sf0_nc1.8_n49_l8_m10_03.dzn.txt
set-2a,51,8,10,87,0.375,0.013883104262113009,1.7058823529411764,0.03411764705882353,./modules/rcpsp-instances/MSPSP/set-2a/inst_set2a_sf0_nc1.8_n49_l8_m10_04.dzn.txt
set-2a,51,8,10,87,0.375,0.013883104262113009,1.7058823529411764,0.03411764705882353,./modules/rcpsp-instances/MSPSP/set-2a/inst_set2a_sf0_nc1.8_n49_l8_m10_05.dzn.txt
set-2a,31,3,13,60,0.7126436781609196,0.07230255839822024,1.935483870967742,0.06451612903225806,./modules/rcpsp-instances/MSPSP/set-2a/inst_set2a_sf0_nc2.1_n29_l3_m13_00.dzn.txt
set-2a,31,3,13,63,0.6436781609195402,0.08004926108374386,2.032258064516129,0.06774193548387097,./modules/rcpsp-instances/MSPSP/set-2a/inst_set2a_sf0_nc2.1_n29_l3_m13_01.dzn.txt
set-2a,31,3,5,63,0.5632183908045977,0.03518648838845883,2.032258064516129,0.06774193548387097,./modules/rcpsp-instances/MSPSP/set-2a/inst_set2a_sf0_nc2.1_n29_l3_m5_00.dzn.txt
set-2a,31,3,5,60,0.6091954022988506,0.03253090435914118,1.935483870967742,0.06451612903225806,./modules/rcpsp-instances/MSPSP/set-2a/inst_set2a_sf0_nc2.1_n29_l3_m5_01.dzn.txt
set-2a,31,8,10,60,0.3879310344827586,0.038314176245210725,1.935483870967742,0.06451612903225806,./modules/rcpsp-instances/MSPSP/set-2a/inst_set2a_sf0_nc2.1_n29_l8_m10_00.dzn.txt
set-2a,31,8,10,63,0.3879310344827586,0.038314176245210725,2.032258064516129,0.06774193548387097,./modules/rcpsp-instances/MSPSP/set-2a/inst_set2a_sf0_nc2.1_n29_l8_m10_01.dzn.txt
set-2a,31,8,10,63,0.375,0.03963535473642489,2.032258064516129,0.06774193548387097,./modules/rcpsp-instances/MSPSP/set-2a/inst_set2a_sf0_nc2.1_n29_l8_m10_02.dzn.txt
set-2a,31,8,10,60,0.375,0.03963535473642489,1.935483870967742,0.06451612903225806,./modules/rcpsp-instances/MSPSP/set-2a/inst_set2a_sf0_nc2.1_n29_l8_m10_03.dzn.txt
set-2a,35,3,14,81,0.6565656565656566,0.06526806526806526,2.3142857142857145,0.0680672268907563,./modules/rcpsp-instances/MSPSP/set-2a/inst_set2a_sf0_nc2.45_n33_l3_m14_00.dzn.txt
set-2a,35,3,5,81,0.5858585858585859,0.02612330198537095,2.3142857142857145,0.0680672268907563,./modules/rcpsp-instances/MSPSP/set-2a/inst_set2a_sf0_nc2.45_n33_l3_m5_00.dzn.txt
set-2a,35,8,10,81,0.38636363636363635,0.029708853238265002,2.3142857142857145,0.0680672268907563,./modules/rcpsp-instances/MSPSP/set-2a/inst_set2a_sf0_nc2.45_n33_l8_m10_00.dzn.txt
set-2a,35,8,10,81,0.38257575757575757,0.030003000300030003,2.3142857142857145,0.0680672268907563,./modules/rcpsp-instances/MSPSP/set-2a/inst_set2a_sf0_nc2.45_n33_l8_m10_01.dzn.txt
set-2a,22,3,10,54,0.5166666666666667,0.16129032258064513,2.4545454545454546,0.11688311688311688,./modules/rcpsp-instances/MSPSP/set-2a/inst_set2a_sf0_nc2.7_n20_l3_m10_00.dzn.txt
set-2a,22,3,11,54,0.6,0.1527777777777778,2.4545454545454546,0.11688311688311688,./modules/rcpsp-instances/MSPSP/set-2a/inst_set2a_sf0_nc2.7_n20_l3_m11_00.dzn.txt
set-2a,22,3,6,53,0.48333333333333334,0.10344827586206896,2.409090909090909,0.11471861471861472,./modules/rcpsp-instances/MSPSP/set-2a/inst_set2a_sf0_nc2.7_n20_l3_m6_00.dzn.txt
set-2a,22,3,7,54,0.5166666666666667,0.1129032258064516,2.4545454545454546,0.11688311688311688,./modules/rcpsp-instances/MSPSP/set-2a/inst_set2a_sf0_nc2.7_n20_l3_m7_00.dzn.txt
set-2a,22,8,10,54,0.36875,0.0847457627118644,2.4545454545454546,0.11688311688311688,./modules/rcpsp-instances/MSPSP/set-2a/inst_set2a_sf0_nc2.7_n20_l8_m10_00.dzn.txt
set-2a,22,8,10,54,0.4,0.078125,2.4545454545454546,0.11688311688311688,./modules/rcpsp-instances/MSPSP/set-2a/inst_set2a_sf0_nc2.7_n20_l8_m10_01.dzn.txt
set-2a,22,8,10,54,0.4,0.078125,2.4545454545454546,0.11688311688311688,./modules/rcpsp-instances/MSPSP/set-2a/inst_set2a_sf0_nc2.7_n20_l8_m10_02.dzn.txt
set-2a,22,8,10,53,0.36875,0.0847457627118644,2.409090909090909,0.11471861471861472,./modules/rcpsp-instances/MSPSP/set-2a/inst_set2a_sf0_nc2.7_n20_l8_m10_03.dzn.txt
set-2a,22,8,10,54,0.36875,0.0847457627118644,2.4545454545454546,0.11688311688311688,./modules/rcpsp-instances/MSPSP/set-2a/inst_set2a_sf0_nc2.7_n20_l8_m10_04.dzn.txt
set-2a,22,8,10,53,0.4,0.078125,2.409090909090909,0.11471861471861472,./modules/rcpsp-instances/MSPSP/set-2a/inst_set2a_sf0_nc2.7_n20_l8_m10_05.dzn.txt
set-2a,22,8,10,54,0.36875,0.0847457627118644,2.4545454545454546,0.11688311688311688,./modules/rcpsp-instances/MSPSP/set-2a/inst_set2a_sf0_nc2.7_n20_l8_m10_06.dzn.txt
set-2a,22,8,10,54,0.4,0.078125,2.4545454545454546,0.11688311688311688,./modules/rcpsp-instances/MSPSP/set-2a/inst_set2a_sf0_nc2.7_n20_l8_m10_07.dzn.txt
set-2a,27,3,6,90,0.5333333333333333,0.06,3.3333333333333335,0.1282051282051282,./modules/rcpsp-instances/MSPSP/set-2a/inst_set2a_sf0_nc3.6_n25_l3_m6_00.dzn.txt
set-2a,27,3,6,90,0.4533333333333333,0.07058823529411765,3.3333333333333335,0.1282051282051282,./modules/rcpsp-instances/MSPSP/set-2a/inst_set2a_sf0_nc3.6_n25_l3_m6_01.dzn.txt
set-2a,27,3,6,89,0.5466666666666666,0.05853658536585366,3.2962962962962963,0.1267806267806268,./modules/rcpsp-instances/MSPSP/set-2a/inst_set2a_sf0_nc3.6_n25_l3_m6_02.dzn.txt
set-2a,27,3,7,89,0.5333333333333333,0.07,3.2962962962962963,0.1267806267806268,./modules/rcpsp-instances/MSPSP/set-2a/inst_set2a_sf0_nc3.6_n25_l3_m7_00.dzn.txt
set-2a,27,3,7,89,0.5066666666666667,0.07368421052631578,3.2962962962962963,0.1267806267806268,./modules/rcpsp-instances/MSPSP/set-2a/inst_set2a_sf0_nc3.6_n25_l3_m7_01.dzn.txt
set-2a,27,3,7,91,0.5066666666666667,0.07368421052631578,3.3703703703703702,0.12962962962962962,./modules/rcpsp-instances/MSPSP/set-2a/inst_set2a_sf0_nc3.6_n25_l3_m7_02.dzn.txt
set-2a,27,3,7,89,0.5466666666666666,0.06829268292682927,3.2962962962962963,0.1267806267806268,./modules/rcpsp-instances/MSPSP/set-2a/inst_set2a_sf0_nc3.6_n25_l3_m7_03.dzn.txt
set-2a,27,8,10,89,0.375,0.05333333333333334,3.2962962962962963,0.1267806267806268,./modules/rcpsp-instances/MSPSP/set-2a/inst_set2a_sf0_nc3.6_n25_l8_m10_00.dzn.txt
set-2a,27,8,10,90,0.4,0.05,3.3333333333333335,0.1282051282051282,./modules/rcpsp-instances/MSPSP/set-2a/inst_set2a_sf0_nc3.6_n25_l8_m10_01.dzn.txt
set-2a,27,8,10,90,0.4,0.05,3.3333333333333335,0.1282051282051282,./modules/rcpsp-instances/MSPSP/set-2a/inst_set2a_sf0_nc3.6_n25_l8_m10_02.dzn.txt
set-2a,27,8,10,90,0.375,0.05333333333333334,3.3333333333333335,0.1282051282051282,./modules/rcpsp-instances/MSPSP/set-2a/inst_set2a_sf0_nc3.6_n25_l8_m10_03.dzn.txt
set-2a,27,8,10,89,0.4,0.05,3.2962962962962963,0.1267806267806268,./modules/rcpsp-instances/MSPSP/set-2a/inst_set2a_sf0_nc3.6_n25_l8_m10_04.dzn.txt
set-2a,27,8,10,89,0.4,0.05,3.2962962962962963,0.1267806267806268,./modules/rcpsp-instances/MSPSP/set-2a/inst_set2a_sf0_nc3.6_n25_l8_m10_05.dzn.txt
set-2a,27,8,10,90,0.4,0.05,3.3333333333333335,0.1282051282051282,./modules/rcpsp-instances/MSPSP/set-2a/inst_set2a_sf0_nc3.6_n25_l8_m10_06.dzn.txt
set-2a,27,8,10,89,0.375,0.05333333333333334,3.2962962962962963,0.1267806267806268,./modules/rcpsp-instances/MSPSP/set-2a/inst_set2a_sf0_nc3.6_n25_l8_m10_07.dzn.txt
set-2a,27,8,10,89,0.4,0.05,3.2962962962962963,0.1267806267806268,./modules/rcpsp-instances/MSPSP/set-2a/inst_set2a_sf0_nc3.6_n25_l8_m10_08.dzn.txt
set-2a,27,8,10,91,0.4,0.05,3.3703703703703702,0.12962962962962962,./modules/rcpsp-instances/MSPSP/set-2a/inst_set2a_sf0_nc3.6_n25_l8_m10_09.dzn.txt
set-2a,27,8,10,90,0.375,0.05333333333333334,3.3333333333333335,0.1282051282051282,./modules/rcpsp-instances/MSPSP/set-2a/inst_set2a_sf0_nc3.6_n25_l8_m10_10.dzn.txt
set-2a,27,8,10,89,0.4,0.05,3.2962962962962963,0.1267806267806268,./modules/rcpsp-instances/MSPSP/set-2a/inst_set2a_sf0_nc3.6_n25_l8_m10_11.dzn.txt
set-2a,27,8,10,91,0.375,0.05333333333333334,3.3703703703703702,0.12962962962962962,./modules/rcpsp-instances/MSPSP/set-2a/inst_set2a_sf0_nc3.6_n25_l8_m10_12.dzn.txt
set-2a,27,8,10,89,0.375,0.05333333333333334,3.2962962962962963,0.1267806267806268,./modules/rcpsp-instances/MSPSP/set-2a/inst_set2a_sf0_nc3.6_n25_l8_m10_13.dzn.txt
set-2a,27,8,10,89,0.375,0.05333333333333334,3.2962962962962963,0.1267806267806268,./modules/rcpsp-instances/MSPSP/set-2a/inst_set2a_sf0_nc3.6_n25_l8_m10_14.dzn.txt
set-2a,27,8,10,90,0.375,0.05333333333333334,3.3333333333333335,0.1282051282051282,./modules/rcpsp-instances/MSPSP/set-2a/inst_set2a_sf0_nc3.6_n25_l8_m10_15.dzn.txt
set-2a,27,3,11,92,0.5866666666666667,0.1,3.4074074074074074,0.13105413105413105,./modules/rcpsp-instances/MSPSP/set-2a/inst_set2a_sf0_nc3.7_n25_l3_m11_00.dzn.txt
set-2a,27,3,6,92,0.5866666666666667,0.05454545454545454,3.4074074074074074,0.13105413105413105,./modules/rcpsp-instances/MSPSP/set-2a/inst_set2a_sf0_nc3.7_n25_l3_m6_00.dzn.txt
set-2a,27,8,10,93,0.375,0.05333333333333334,3.4444444444444446,0.13247863247863248,./modules/rcpsp-instances/MSPSP/set-2a/inst_set2a_sf0_nc3.7_n25_l8_m10_00.dzn.txt
set-2a,27,8,10,93,0.375,0.05333333333333334,3.4444444444444446,0.13247863247863248,./modules/rcpsp-instances/MSPSP/set-2a/inst_set2a_sf0_nc3.7_n25_l8_m10_01.dzn.txt
set-2a,27,8,10,92,0.375,0.05333333333333334,3.4074074074074074,0.13105413105413105,./modules/rcpsp-instances/MSPSP/set-2a/inst_set2a_sf0_nc3.7_n25_l8_m10_02.dzn.txt
set-2a,27,8,10,92,0.4,0.05,3.4074074074074074,0.13105413105413105,./modules/rcpsp-instances/MSPSP/set-2a/inst_set2a_sf0_nc3.7_n25_l8_m10_03.dzn.txt
set-2a,27,8,10,93,0.4,0.05,3.4444444444444446,0.13247863247863248,./modules/rcpsp-instances/MSPSP/set-2a/inst_set2a_sf0_nc3.7_n25_l8_m10_04.dzn.txt
set-2a,27,8,10,93,0.375,0.05333333333333334,3.4444444444444446,0.13247863247863248,./modules/rcpsp-instances/MSPSP/set-2a/inst_set2a_sf0_nc3.7_n25_l8_m10_05.dzn.txt
set-2a,27,8,10,92,0.4,0.05,3.4074074074074074,0.13105413105413105,./modules/rcpsp-instances/MSPSP/set-2a/inst_set2a_sf0_nc3.7_n25_l8_m10_06.dzn.txt
set-2a,27,8,10,92,0.375,0.05333333333333334,3.4074074074074074,0.13105413105413105,./modules/rcpsp-instances/MSPSP/set-2a/inst_set2a_sf0_nc3.7_n25_l8_m10_07.dzn.txt
set-2a,27,8,10,93,0.4,0.05,3.4444444444444446,0.13247863247863248,./modules/rcpsp-instances/MSPSP/set-2a/inst_set2a_sf0_nc3.7_n25_l8_m10_08.dzn.txt
set-2a,27,8,10,93,0.4,0.05,3.4444444444444446,0.13247863247863248,./modules/rcpsp-instances/MSPSP/set-2a/inst_set2a_sf0_nc3.7_n25_l8_m10_09.dzn.txt
set-2b,32,12,11,48,0.1527777777777778,0.06666666666666665,1.5,0.04838709677419355,./modules/rcpsp-instances/MSPSP/set-2b/inst_set2b_sf0_nc1.5_n30_l12_m11_00.dzn.txt
set-2b,32,12,14,48,0.18888888888888888,0.06862745098039216,1.5,0.04838709677419355,./modules/rcpsp-instances/MSPSP/set-2b/inst_set2b_sf0_nc1.5_n30_l12_m14_00.dzn.txt
set-2b,32,12,15,48,0.24166666666666667,0.05747126436781609,1.5,0.04838709677419355,./modules/rcpsp-instances/MSPSP/set-2b/inst_set2b_sf0_nc1.5_n30_l12_m15_00.dzn.txt
set-2b,32,12,15,48,0.20555555555555555,0.06756756756756757,1.5,0.04838709677419355,./modules/rcpsp-instances/MSPSP/set-2b/inst_set2b_sf0_nc1.5_n30_l12_m15_01.dzn.txt
set-2b,32,12,15,48,0.24166666666666667,0.05747126436781609,1.5,0.04838709677419355,./modules/rcpsp-instances/MSPSP/set-2b/inst_set2b_sf0_nc1.5_n30_l12_m15_02.dzn.txt
set-2b,32,12,16,48,0.2222222222222222,0.06666666666666667,1.5,0.04838709677419355,./modules/rcpsp-instances/MSPSP/set-2b/inst_set2b_sf0_nc1.5_n30_l12_m16_00.dzn.txt
set-2b,32,12,17,48,0.19722222222222222,0.07981220657276995,1.5,0.04838709677419355,./modules/rcpsp-instances/MSPSP/set-2b/inst_set2b_sf0_nc1.5_n30_l12_m17_00.dzn.txt
set-2b,32,12,18,48,0.2833333333333333,0.058823529411764705,1.5,0.04838709677419355,./modules/rcpsp-instances/MSPSP/set-2b/inst_set2b_sf0_nc1.5_n30_l12_m18_00.dzn.txt
set-2b,32,12,18,48,0.25555555555555554,0.06521739130434782,1.5,0.04838709677419355,./modules/rcpsp-instances/MSPSP/set-2b/inst_set2b_sf0_nc1.5_n30_l12_m18_01.dzn.txt
set-2b,32,15,19,48,0.20222222222222222,0.0695970695970696,1.5,0.04838709677419355,./modules/rcpsp-instances/MSPSP/set-2b/inst_set2b_sf0_nc1.5_n30_l15_m19_00.dzn.txt
set-2b,32,9,10,48,0.18518518518518517,0.06666666666666668,1.5,0.04838709677419355,./modules/rcpsp-instances/MSPSP/set-2b/inst_set2b_sf0_nc1.5_n30_l9_m10_00.dzn.txt
set-2b,32,9,12,48,0.24074074074074073,0.06153846153846154,1.5,0.04838709677419355,./modules/rcpsp-instances/MSPSP/set-2b/inst_set2b_sf0_nc1.5_n30_l9_m12_00.dzn.txt
set-2b,32,9,15,48,0.25925925925925924,0.07142857142857144,1.5,0.04838709677419355,./modules/rcpsp-instances/MSPSP/set-2b/inst_set2b_sf0_nc1.5_n30_l9_m15_00.dzn.txt
set-2b,32,9,8,48,0.15185185185185185,0.06504065040650407,1.5,0.04838709677419355,./modules/rcpsp-instances/MSPSP/set-2b/inst_set2b_sf0_nc1.5_n30_l9_m8_00.dzn.txt
set-2b,32,9,8,48,0.14814814814814814,0.06666666666666667,1.5,0.04838709677419355,./modules/rcpsp-instances/MSPSP/set-2b/inst_set2b_sf0_nc1.5_n30_l9_m8_01.dzn.txt
set-2b,32,9,9,48,0.2037037037037037,0.05454545454545454,1.5,0.04838709677419355,./modules/rcpsp-instances/MSPSP/set-2b/inst_set2b_sf0_nc1.5_n30_l9_m9_00.dzn.txt
set-2b,32,9,9,48,0.1814814814814815,0.06122448979591836,1.5,0.04838709677419355,./modules/rcpsp-instances/MSPSP/set-2b/inst_set2b_sf0_nc1.5_n30_l9_m9_01.dzn.txt
set-2b,62,12,15,93,0.22916666666666666,0.015151515151515152,1.5,0.02459016393442623,./modules/rcpsp-instances/MSPSP/set-2b/inst_set2b_sf0_nc1.5_n60_l12_m15_00.dzn.txt
set-2b,62,12,18,93,0.23194444444444445,0.017964071856287425,1.5,0.02459016393442623,./modules/rcpsp-instances/MSPSP/set-2b/inst_set2b_sf0_nc1.5_n60_l12_m18_00.dzn.txt
set-2b,62,12,8,93,0.12083333333333333,0.01532567049808429,1.5,0.02459016393442623,./modules/rcpsp-instances/MSPSP/set-2b/inst_set2b_sf0_nc1.5_n60_l12_m8_00.dzn.txt
set-2b,62,15,13,93,0.14777777777777779,0.016290726817042606,1.5,0.02459016393442623,./modules/rcpsp-instances/MSPSP/set-2b/inst_set2b_sf0_nc1.5_n60_l15_m13_00.dzn.txt
set-2b,62,15,16,93,0.17444444444444446,0.016985138004246284,1.5,0.02459016393442623,./modules/rcpsp-instances/MSPSP/set-2b/inst_set2b_sf0_nc1.5_n60_l15_m16_00.dzn.txt
set-2b,62,15,18,93,0.21222222222222223,0.015706806282722512,1.5,0.02459016393442623,./modules/rcpsp-instances/MSPSP/set-2b/inst_set2b_sf0_nc1.5_n60_l15_m18_00.dzn.txt
set-2b,62,9,10,93,0.20925925925925926,0.014749262536873156,1.5,0.02459016393442623,./modules/rcpsp-instances/MSPSP/set-2b/inst_set2b_sf0_nc1.5_n60_l9_m10_00.dzn.txt
set-2b,62,9,11,93,0.20185185185185187,0.016819571865443424,1.5,0.02459016393442623,./modules/rcpsp-instances/MSPSP/set-2b/inst_set2b_sf0_nc1.5_n60_l9_m11_00.dzn.txt
set-2b,62,9,13,93,0.25,0.016049382716049384,1.5,0.02459016393442623,./modules/rcpsp-instances/MSPSP/set-2b/inst_set2b_sf0_nc1.5_n60_l9_m13_00.dzn.txt
set-2b,62,9,14,93,0.24074074074074073,0.017948717948717947,1.5,0.02459016393442623,./modules/rcpsp-instances/MSPSP/set-2b/inst_set2b_sf0_nc1.5_n60_l9_m14_00.dzn.txt
set-2b,62,9,18,93,0.3388888888888889,0.016393442622950817,1.5,0.02459016393442623,./modules/rcpsp-instances/MSPSP/set-2b/inst_set2b_sf0_nc1.5_n60_l9_m18_00.dzn.txt
set-2b,62,9,19,93,0.3055555555555556,0.01919191919191919,1.5,0.02459016393442623,./modules/rcpsp-instances/MSPSP/set-2b/inst_set2b_sf0_nc1.5_n60_l9_m19_00.dzn.txt
set-2b,62,9,6,93,0.17222222222222222,0.010752688172043012,1.5,0.02459016393442623,./modules/rcpsp-instances/MSPSP/set-2b/inst_set2b_sf0_nc1.5_n60_l9_m6_00.dzn.txt
set-2b,62,9,7,93,0.1648148148148148,0.01310861423220974,1.5,0.02459016393442623,./modules/rcpsp-instances/MSPSP/set-2b/inst_set2b_sf0_nc1.5_n60_l9_m7_00.dzn.txt
set-2b,62,12,10,112,0.15694444444444444,0.014749262536873156,1.8064516129032258,0.029613960867265997,./modules/rcpsp-instances/MSPSP/set-2b/inst_set2b_sf0_nc1.8_n60_l12_m10_00.dzn.txt
set-2b,62,12,13,112,0.18194444444444444,0.01653944020356234,1.8064516129032258,0.029613960867265997,./modules/rcpsp-instances/MSPSP/set-2b/inst_set2b_sf0_nc1.8_n60_l12_m13_00.dzn.txt
set-2b,62,12,18,112,0.22916666666666666,0.01818181818181818,1.8064516129032258,0.029613960867265997,./modules/rcpsp-instances/MSPSP/set-2b/inst_set2b_sf0_nc1.8_n60_l12_m18_00.dzn.txt
set-2b,62,15,11,112,0.12111111111111111,0.016819571865443424,1.8064516129032258,0.029613960867265997,./modules/rcpsp-instances/MSPSP/set-2b/inst_set2b_sf0_nc1.8_n60_l15_m11_00.dzn.txt
set-2b,62,15,14,112,0.16111111111111112,0.016091954022988502,1.8064516129032258,0.029613960867265997,./modules/rcpsp-instances/MSPSP/set-2b/inst_set2b_sf0_nc1.8_n60_l15_m14_00.dzn.txt
set-2b,62,15,17,112,0.18444444444444444,0.01706827309236948,1.8064516129032258,0.029613960867265997,./modules/rcpsp-instances/MSPSP/set-2b/inst_set2b_sf0_nc1.8_n60_l15_m17_00.dzn.txt
set-2b,62,15,17,112,0.18777777777777777,0.016765285996055226,1.8064516129032258,0.029613960867265997,./modules/rcpsp-instances/MSPSP/set-2b/inst_set2b_sf0_nc1.8_n60_l15_m17_01.dzn.txt
set-2b,62,9,11,112,0.1814814814814815,0.018707482993197275,1.8064516129032258,0.029613960867265997,./modules/rcpsp-instances/MSPSP/set-2b/inst_set2b_sf0_nc1.8_n60_l9_m11_00.dzn.txt
set-2b,62,9,12,112,0.2537037037037037,0.014598540145985401,1.8064516129032258,0.029613960867265997,./modules/rcpsp-instances/MSPSP/set-2b/inst_set2b_sf0_nc1.8_n60_l9_m12_00.dzn.txt
set-2b,62,9,13,112,0.2462962962962963,0.016290726817042606,1.8064516129032258,0.029613960867265997,./modules/rcpsp-instances/MSPSP/set-2b/inst_set2b_sf0_nc1.8_n60_l9_m13_00.dzn.txt
set-2b,62,9,16,112,0.2740740740740741,0.018018018018018018,1.8064516129032258,0.029613960867265997,./modules/rcpsp-instances/MSPSP/set-2b/inst_set2b_sf0_nc1.8_n60_l9_m16_00.dzn.txt
set-2b,62,9,8,112,0.1537037037037037,0.01606425702811245,1.8064516129032258,0.029613960867265997,./modules/rcpsp-instances/MSPSP/set-2b/inst_set2b_sf0_nc1.8_n60_l9_m8_00.dzn.txt
set-2b,62,9,9,112,0.21481481481481482,0.01293103448275862,1.8064516129032258,0.029613960867265997,./modules/rcpsp-instances/MSPSP/set-2b/inst_set2b_sf0_nc1.8_n60_l9_m9_00.dzn.txt
set-2b,62,9,9,112,0.2074074074074074,0.013392857142857142,1.8064516129032258,0.029613960867265997,./modules/rcpsp-instances/MSPSP/set-2b/inst_set2b_sf0_nc1.8_n60_l9_m9_01.dzn.txt
set-2b,62,9,9,112,0.20185185185185187,0.013761467889908254,1.8064516129032258,0.029613960867265997,./modules/rcpsp-instances/MSPSP/set-2b/inst_set2b_sf0_nc1.8_n60_l9_m9_02.dzn.txt
set-2b,62,9,9,112,0.20185185185185187,0.013761467889908254,1.8064516129032258,0.029613960867265997,./modules/rcpsp-instances/MSPSP/set-2b/inst_set2b_sf0_nc1.8_n60_l9_m9_03.dzn.txt
set-2b,32,12,11,58,0.1527777777777778,0.06666666666666665,1.8125,0.05846774193548387,./modules/rcpsp-instances/MSPSP/set-2b/inst_set2b_sf0_nc1.93_n30_l12_m11_00.dzn.txt
set-2b,32,12,12,58,0.15555555555555556,0.07142857142857142,1.8125,0.05846774193548387,./modules/rcpsp-instances/MSPSP/set-2b/inst_set2b_sf0_nc1.93_n30_l12_m12_00.dzn.txt
set-2b,32,12,13,58,0.18888888888888888,0.06372549019607843,1.8125,0.05846774193548387,./modules/rcpsp-instances/MSPSP/set-2b/inst_set2b_sf0_nc1.93_n30_l12_m13_00.dzn.txt
set-2b,32,12,13,58,0.15833333333333333,0.07602339181286549,1.8125,0.05846774193548387,./modules/rcpsp-instances/MSPSP/set-2b/inst_set2b_sf0_nc1.93_n30_l12_m13_01.dzn.txt
set-2b,32,12,14,58,0.18611111111111112,0.06965174129353234,1.8125,0.05846774193548387,./modules/rcpsp-instances/MSPSP/set-2b/inst_set2b_sf0_nc1.93_n30_l12_m14_00.dzn.txt
set-2b,32,12,17,58,0.2222222222222222,0.07083333333333333,1.8125,0.05846774193548387,./modules/rcpsp-instances/MSPSP/set-2b/inst_set2b_sf0_nc1.93_n30_l12_m17_00.dzn.txt
set-2b,32,12,18,58,0.29444444444444445,0.05660377358490566,1.8125,0.05846774193548387,./modules/rcpsp-instances/MSPSP/set-2b/inst_set2b_sf0_nc1.93_n30_l12_m18_00.dzn.txt
set-2b,32,12,9,58,0.16666666666666666,0.05,1.8125,0.05846774193548387,./modules/rcpsp-instances/MSPSP/set-2b/inst_set2b_sf0_nc1.93_n30_l12_m9_00.dzn.txt
set-2b,32,15,18,58,0.21555555555555556,0.061855670103092786,1.8125,0.05846774193548387,./modules/rcpsp-instances/MSPSP/set-2b/inst_set2b_sf0_nc1.93_n30_l15_m18_00.dzn.txt
set-2b,32,15,19,58,0.18666666666666668,0.07539682539682538,1.8125,0.05846774193548387,./modules/rcpsp-instances/MSPSP/set-2b/inst_set2b_sf0_nc1.93_n30_l15_m19_00.dzn.txt
set-2b,32,9,10,58,0.2111111111111111,0.05847953216374269,1.8125,0.05846774193548387,./modules/rcpsp-instances/MSPSP/set-2b/inst_set2b_sf0_nc1.93_n30_l9_m10_00.dzn.txt
set-2b,32,9,10,58,0.2,0.06172839506172839,1.8125,0.05846774193548387,./modules/rcpsp-instances/MSPSP/set-2b/inst_set2b_sf0_nc1.93_n30_l9_m10_01.dzn.txt
set-2b,32,9,15,58,0.25925925925925924,0.07142857142857144,1.8125,0.05846774193548387,./modules/rcpsp-instances/MSPSP/set-2b/inst_set2b_sf0_nc1.93_n30_l9_m15_00.dzn.txt
set-2b,32,9,7,58,0.17037037037037037,0.050724637681159424,1.8125,0.05846774193548387,./modules/rcpsp-instances/MSPSP/set-2b/inst_set2b_sf0_nc1.93_n30_l9_m7_00.dzn.txt
set-2b,32,9,7,58,0.16296296296296298,0.05303030303030303,1.8125,0.05846774193548387,./modules/rcpsp-instances/MSPSP/set-2b/inst_set2b_sf0_nc1.93_n30_l9_m7_01.dzn.txt
set-2b,32,9,7,58,0.15555555555555556,0.05555555555555555,1.8125,0.05846774193548387,./modules/rcpsp-instances/MSPSP/set-2b/inst_set2b_sf0_nc1.93_n30_l9_m7_02.dzn.txt
set-2b,62,12,11,131,0.1597222222222222,0.01594202898550725,2.1129032258064515,0.034637757800105765,./modules/rcpsp-instances/MSPSP/set-2b/inst_set2b_sf0_nc2.1_n60_l12_m11_00.dzn.txt
set-2b,62,12,12,131,0.19722222222222222,0.014084507042253521,2.1129032258064515,0.034637757800105765,./modules/rcpsp-instances/MSPSP/set-2b/inst_set2b_sf0_nc2.1_n60_l12_m12_00.dzn.txt
set-2b,62,12,13,131,0.19166666666666668,0.015700483091787436,2.1129032258064515,0.034637757800105765,./modules/rcpsp-instances/MSPSP/set-2b/inst_set2b_sf0_nc2.1_n60_l12_m13_00.dzn.txt
set-2b,62,12,13,131,0.1763888888888889,0.01706036745406824,2.1129032258064515,0.034637757800105765,./modules/rcpsp-instances/MSPSP/set-2b/inst_set2b_sf0_nc2.1_n60_l12_m13_01.dzn.txt
set-2b,62,12,14,131,0.2,0.0162037037037037,2.1129032258064515,0.034637757800105765,./modules/rcpsp-instances/MSPSP/set-2b/inst_set2b_sf0_nc2.1_n60_l12_m14_00.dzn.txt
set-2b,62,12,17,131,0.225,0.01748971193415638,2.1129032258064515,0.034637757800105765,./modules/rcpsp-instances/MSPSP/set-2b/inst_set2b_sf0_nc2.1_n60_l12_m17_00.dzn.txt
set-2b,62,12,19,131,0.25833333333333336,0.017025089605734765,2.1129032258064515,0.034637757800105765,./modules/rcpsp-instances/MSPSP/set-2b/inst_set2b_sf0_nc2.1_n60_l12_m19_00.dzn.txt
set-2b,62,15,14,131,0.1688888888888889,0.015350877192982455,2.1129032258064515,0.034637757800105765,./modules/rcpsp-instances/MSPSP/set-2b/inst_set2b_sf0_nc2.1_n60_l15_m14_00.dzn.txt
set-2b,62,15,17,131,0.17,0.018518518518518514,2.1129032258064515,0.034637757800105765,./modules/rcpsp-instances/MSPSP/set-2b/inst_set2b_sf0_nc2.1_n60_l15_m17_00.dzn.txt
set-2b,62,15,17,131,0.19,0.016569200779727095,2.1129032258064515,0.034637757800105765,./modules/rcpsp-instances/MSPSP/set-2b/inst_set2b_sf0_nc2.1_n60_l15_m17_01.dzn.txt
set-2b,62,9,10,131,0.2222222222222222,0.013888888888888888,2.1129032258064515,0.034637757800105765,./modules/rcpsp-instances/MSPSP/set-2b/inst_set2b_sf0_nc2.1_n60_l9_m10_00.dzn.txt
set-2b,62,9,10,131,0.1925925925925926,0.016025641025641024,2.1129032258064515,0.034637757800105765,./modules/rcpsp-instances/MSPSP/set-2b/inst_set2b_sf0_nc2.1_n60_l9_m10_01.dzn.txt
set-2b,62,9,16,131,0.2722222222222222,0.018140589569161,2.1129032258064515,0.034637757800105765,./modules/rcpsp-instances/MSPSP/set-2b/inst_set2b_sf0_nc2.1_n60_l9_m16_00.dzn.txt
set-2b,62,9,9,131,0.21666666666666667,0.012820512820512818,2.1129032258064515,0.034637757800105765,./modules/rcpsp-instances/MSPSP/set-2b/inst_set2b_sf0_nc2.1_n60_l9_m9_00.dzn.txt
set-2c,32,10,15,48,0.43333333333333335,0.03846153846153845,1.5,0.04838709677419355,./modules/rcpsp-instances/MSPSP/set-2c/inst_set2c_sf0_nc1.5_n30_l10_m15_00.dzn.txt
set-2c,32,10,4,48,0.19,0.023391812865497075,1.5,0.04838709677419355,./modules/rcpsp-instances/MSPSP/set-2c/inst_set2c_sf0_nc1.5_n30_l10_m4_00.dzn.txt
set-2c,32,10,6,48,0.24666666666666667,0.02702702702702703,1.5,0.04838709677419355,./modules/rcpsp-instances/MSPSP/set-2c/inst_set2c_sf0_nc1.5_n30_l10_m6_00.dzn.txt
set-2c,32,10,8,48,0.35,0.025396825396825397,1.5,0.04838709677419355,./modules/rcpsp-instances/MSPSP/set-2c/inst_set2c_sf0_nc1.5_n30_l10_m8_00.dzn.txt
set-2c,32,12,4,48,0.15,0.02469135802469136,1.5,0.04838709677419355,./modules/rcpsp-instances/MSPSP/set-2c/inst_set2c_sf0_nc1.5_n30_l12_m4_00.dzn.txt
set-2c,32,12,8,48,0.2972222222222222,0.024922118380062305,1.5,0.04838709677419355,./modules/rcpsp-instances/MSPSP/set-2c/inst_set2c_sf0_nc1.5_n30_l12_m8_00.dzn.txt
set-2c,32,3,10,48,0.7444444444444445,0.04975124378109453,1.5,0.04838709677419355,./modules/rcpsp-instances/MSPSP/set-2c/inst_set2c_sf0_nc1.5_n30_l3_m10_00.dzn.txt
set-2c,32,3,4,48,0.5444444444444444,0.027210884353741496,1.5,0.04838709677419355,./modules/rcpsp-instances/MSPSP/set-2c/inst_set2c_sf0_nc1.5_n30_l3_m4_00.dzn.txt
set-2c,32,3,4,48,0.5777777777777777,0.025641025641025644,1.5,0.04838709677419355,./modules/rcpsp-instances/MSPSP/set-2c/inst_set2c_sf0_nc1.5_n30_l3_m4_01.dzn.txt
set-2c,32,3,8,48,0.6666666666666666,0.044444444444444446,1.5,0.04838709677419355,./modules/rcpsp-instances/MSPSP/set-2c/inst_set2c_sf0_nc1.5_n30_l3_m8_00.dzn.txt
set-2c,32,3,8,48,0.8111111111111111,0.0365296803652968,1.5,0.04838709677419355,./modules/rcpsp-instances/MSPSP/set-2c/inst_set2c_sf0_nc1.5_n30_l3_m8_01.dzn.txt
set-2c,32,4,10,48,0.65,0.042735042735042736,1.5,0.04838709677419355,./modules/rcpsp-instances/MSPSP/set-2c/inst_set2c_sf0_nc1.5_n30_l4_m10_00.dzn.txt
set-2c,32,4,4,48,0.375,0.02962962962962963,1.5,0.04838709677419355,./modules/rcpsp-instances/MSPSP/set-2c/inst_set2c_sf0_nc1.5_n30_l4_m4_00.dzn.txt
set-2c,32,4,4,48,0.45,0.024691358024691357,1.5,0.04838709677419355,./modules/rcpsp-instances/MSPSP/set-2c/inst_set2c_sf0_nc1.5_n30_l4_m4_01.dzn.txt
set-2c,32,4,6,48,0.4166666666666667,0.04,1.5,0.04838709677419355,./modules/rcpsp-instances/MSPSP/set-2c/inst_set2c_sf0_nc1.5_n30_l4_m6_00.dzn.txt
set-2c,32,4,6,48,0.5083333333333333,0.03278688524590164,1.5,0.04838709677419355,./modules/rcpsp-instances/MSPSP/set-2c/inst_set2c_sf0_nc1.5_n30_l4_m6_01.dzn.txt
set-2c,32,5,10,48,0.48,0.046296296296296294,1.5,0.04838709677419355,./modules/rcpsp-instances/MSPSP/set-2c/inst_set2c_sf0_nc1.5_n30_l5_m10_00.dzn.txt
set-2c,32,5,4,48,0.30666666666666664,0.028985507246376812,1.5,0.04838709677419355,./modules/rcpsp-instances/MSPSP/set-2c/inst_set2c_sf0_nc1.5_n30_l5_m4_00.dzn.txt
set-2c,32,5,4,48,0.35333333333333333,0.025157232704402517,1.5,0.04838709677419355,./modules/rcpsp-instances/MSPSP/set-2c/inst_set2c_sf0_nc1.5_n30_l5_m4_01.dzn.txt
set-2c,32,5,6,48,0.44666666666666666,0.029850746268656716,1.5,0.04838709677419355,./modules/rcpsp-instances/MSPSP/set-2c/inst_set2c_sf0_nc1.5_n30_l5_m6_00.dzn.txt
set-2c,32,5,8,48,0.5,0.035555555555555556,1.5,0.04838709677419355,./modules/rcpsp-instances/MSPSP/set-2c/inst_set2c_sf0_nc1.5_n30_l5_m8_00.dzn.txt
set-2c,32,6,10,48,0.48333333333333334,0.038314176245210725,1.5,0.04838709677419355,./modules/rcpsp-instances/MSPSP/set-2c/inst_set2c_sf0_nc1.5_n30_l6_m10_00.dzn.txt
set-2c,32,6,15,48,0.6277777777777778,0.04424778761061947,1.5,0.04838709677419355,./modules/rcpsp-instances/MSPSP/set-2c/inst_set2c_sf0_nc1.5_n30_l6_m15_00.dzn.txt
set-2c,32,6,6,48,0.29444444444444445,0.03773584905660377,1.5,0.04838709677419355,./modules/rcpsp-instances/MSPSP/set-2c/inst_set2c_sf0_nc1.5_n30_l6_m6_00.dzn.txt
set-2c,32,6,6,48,0.35,0.03174603174603175,1.5,0.04838709677419355,./modules/rcpsp-instances/MSPSP/set-2c/inst_set2c_sf0_nc1.5_n30_l6_m6_01.dzn.txt
set-2c,32,6,8,48,0.45555555555555555,0.032520325203252036,1.5,0.04838709677419355,./modules/rcpsp-instances/MSPSP/set-2c/inst_set2c_sf0_nc1.5_n30_l6_m8_00.dzn.txt
set-2c,32,7,10,48,0.4,0.03968253968253967,1.5,0.04838709677419355,./modules/rcpsp-instances/MSPSP/set-2c/inst_set2c_sf0_nc1.5_n30_l7_m10_00.dzn.txt
set-2c,32,7,10,48,0.46190476190476193,0.03436426116838488,1.5,0.04838709677419355,./modules/rcpsp-instances/MSPSP/set-2c/inst_set2c_sf0_nc1.5_n30_l7_m10_01.dzn.txt
set-2c,32,7,4,48,0.22857142857142856,0.027777777777777783,1.5,0.04838709677419355,./modules/rcpsp-instances/MSPSP/set-2c/inst_set2c_sf0_nc1.5_n30_l7_m4_00.dzn.txt
set-2c,32,7,4,48,0.28095238095238095,0.022598870056497175,1.5,0.04838709677419355,./modules/rcpsp-instances/MSPSP/set-2c/inst_set2c_sf0_nc1.5_n30_l7_m4_01.dzn.txt
set-2c,32,7,8,48,0.35714285714285715,0.035555555555555556,1.5,0.04838709677419355,./modules/rcpsp-instances/MSPSP/set-2c/inst_set2c_sf0_nc1.5_n30_l7_m8_00.dzn.txt
set-2c,32,7,8,48,0.4380952380952381,0.028985507246376812,1.5,0.04838709677419355,./modules/rcpsp-instances/MSPSP/set-2c/inst_set2c_sf0_nc1.5_n30_l7_m8_01.dzn.txt
set-2c,32,8,4,48,0.225,0.024691358024691357,1.5,0.04838709677419355,./modules/rcpsp-instances/MSPSP/set-2c/inst_set2c_sf0_nc1.5_n30_l8_m4_00.dzn.txt
set-2c,32,8,6,48,0.3125,0.02666666666666667,1.5,0.04838709677419355,./modules/rcpsp-instances/MSPSP/set-2c/inst_set2c_sf0_nc1.5_n30_l8_m6_00.dzn.txt
set-2c,32,8,6,48,0.30833333333333335,0.02702702702702703,1.5,0.04838709677419355,./modules/rcpsp-instances/MSPSP/set-2c/inst_set2c_sf0_nc1.5_n30_l8_m6_01.dzn.txt
set-2c,32,8,8,48,0.20416666666666666,0.05442176870748299,1.5,0.04838709677419355,./modules/rcpsp-instances/MSPSP/set-2c/inst_set2c_sf0_nc1.5_n30_l8_m8_00.dzn.txt
set-2c,32,9,15,48,0.42962962962962964,0.04310344827586207,1.5,0.04838709677419355,./modules/rcpsp-instances/MSPSP/set-2c/inst_set2c_sf0_nc1.5_n30_l9_m15_00.dzn.txt
set-2c,32,9,4,48,0.23333333333333334,0.021164021164021163,1.5,0.04838709677419355,./modules/rcpsp-instances/MSPSP/set-2c/inst_set2c_sf0_nc1.5_n30_l9_m4_00.dzn.txt
set-2c,32,9,6,48,0.3037037037037037,0.024390243902439025,1.5,0.04838709677419355,./modules/rcpsp-instances/MSPSP/set-2c/inst_set2c_sf0_nc1.5_n30_l9_m6_00.dzn.txt
set-2c,32,9,8,48,0.2777777777777778,0.035555555555555556,1.5,0.04838709677419355,./modules/rcpsp-instances/MSPSP/set-2c/inst_set2c_sf0_nc1.5_n30_l9_m8_00.dzn.txt
set-2c,32,9,8,48,0.35185185185185186,0.02807017543859649,1.5,0.04838709677419355,./modules/rcpsp-instances/MSPSP/set-2c/inst_set2c_sf0_nc1.5_n30_l9_m8_01.dzn.txt
set-2c,32,10,10,58,0.36333333333333334,0.03058103975535168,1.8125,0.05846774193548387,./modules/rcpsp-instances/MSPSP/set-2c/inst_set2c_sf0_nc1.93_n30_l10_m10_00.dzn.txt
set-2c,32,10,8,58,0.29333333333333333,0.030303030303030304,1.8125,0.05846774193548387,./modules/rcpsp-instances/MSPSP/set-2c/inst_set2c_sf0_nc1.93_n30_l10_m8_00.dzn.txt
set-2c,32,12,10,58,0.22777777777777777,0.04065040650406504,1.8125,0.05846774193548387,./modules/rcpsp-instances/MSPSP/set-2c/inst_set2c_sf0_nc1.93_n30_l12_m10_00.dzn.txt
set-2c,32,12,4,58,0.14722222222222223,0.025157232704402517,1.8125,0.05846774193548387,./modules/rcpsp-instances/MSPSP/set-2c/inst_set2c_sf0_nc1.93_n30_l12_m4_00.dzn.txt
set-2c,32,12,8,58,0.25555555555555554,0.028985507246376812,1.8125,0.05846774193548387,./modules/rcpsp-instances/MSPSP/set-2c/inst_set2c_sf0_nc1.93_n30_l12_m8_00.dzn.txt
set-2c,32,9,4,58,0.2111111111111111,0.023391812865497075,1.8125,0.05846774193548387,./modules/rcpsp-instances/MSPSP/set-2c/inst_set2c_sf0_nc1.93_n30_l9_m4_00.dzn.txt
set-2c,22,10,10,40,0.25,0.1,1.8181818181818181,0.08658008658008658,./modules/rcpsp-instances/MSPSP/set-2c/inst_set2c_sf0_nc2.1_n20_l10_m10_00.dzn.txt
set-2c,22,10,10,40,0.4,0.0625,1.8181818181818181,0.08658008658008658,./modules/rcpsp-instances/MSPSP/set-2c/inst_set2c_sf0_nc2.1_n20_l10_m10_01.dzn.txt
set-2c,22,10,4,40,0.155,0.06451612903225806,1.8181818181818181,0.08658008658008658,./modules/rcpsp-instances/MSPSP/set-2c/inst_set2c_sf0_nc2.1_n20_l10_m4_00.dzn.txt
set-2c,22,10,8,40,0.25,0.08,1.8181818181818181,0.08658008658008658,./modules/rcpsp-instances/MSPSP/set-2c/inst_set2c_sf0_nc2.1_n20_l10_m8_00.dzn.txt
set-2c,22,10,8,40,0.28,0.07142857142857141,1.8181818181818181,0.08658008658008658,./modules/rcpsp-instances/MSPSP/set-2c/inst_set2c_sf0_nc2.1_n20_l10_m8_01.dzn.txt
set-2c,22,12,15,40,0.225,0.1388888888888889,1.8181818181818181,0.08658008658008658,./modules/rcpsp-instances/MSPSP/set-2c/inst_set2c_sf0_nc2.1_n20_l12_m15_00.dzn.txt
set-2c,22,12,4,40,0.17083333333333334,0.04878048780487805,1.8181818181818181,0.08658008658008658,./modules/rcpsp-instances/MSPSP/set-2c/inst_set2c_sf0_nc2.1_n20_l12_m4_00.dzn.txt
set-2c,22,12,6,40,0.19583333333333333,0.06382978723404255,1.8181818181818181,0.08658008658008658,./modules/rcpsp-instances/MSPSP/set-2c/inst_set2c_sf0_nc2.1_n20_l12_m6_00.dzn.txt
set-2c,22,12,6,40,0.2,0.06249999999999999,1.8181818181818181,0.08658008658008658,./modules/rcpsp-instances/MSPSP/set-2c/inst_set2c_sf0_nc2.1_n20_l12_m6_01.dzn.txt
set-2c,22,3,10,40,0.7333333333333333,0.11363636363636365,1.8181818181818181,0.08658008658008658,./modules/rcpsp-instances/MSPSP/set-2c/inst_set2c_sf0_nc2.1_n20_l3_m10_00.dzn.txt
set-2c,22,3,4,40,0.5,0.06666666666666667,1.8181818181818181,0.08658008658008658,./modules/rcpsp-instances/MSPSP/set-2c/inst_set2c_sf0_nc2.1_n20_l3_m4_00.dzn.txt
set-2c,22,3,4,40,0.43333333333333335,0.07692307692307693,1.8181818181818181,0.08658008658008658,./modules/rcpsp-instances/MSPSP/set-2c/inst_set2c_sf0_nc2.1_n20_l3_m4_01.dzn.txt
set-2c,22,3,6,40,0.6333333333333333,0.07894736842105263,1.8181818181818181,0.08658008658008658,./modules/rcpsp-instances/MSPSP/set-2c/inst_set2c_sf0_nc2.1_n20_l3_m6_00.dzn.txt
set-2c,22,3,8,40,0.6666666666666666,0.1,1.8181818181818181,0.08658008658008658,./modules/rcpsp-instances/MSPSP/set-2c/inst_set2c_sf0_nc2.1_n20_l3_m8_00.dzn.txt
set-2c,22,4,10,40,0.5625,0.1111111111111111,1.8181818181818181,0.08658008658008658,./modules/rcpsp-instances/MSPSP/set-2c/inst_set2c_sf0_nc2.1_n20_l4_m10_00.dzn.txt
set-2c,22,4,10,40,0.6,0.10416666666666667,1.8181818181818181,0.08658008658008658,./modules/rcpsp-instances/MSPSP/set-2c/inst_set2c_sf0_nc2.1_n20_l4_m10_01.dzn.txt
set-2c,22,4,15,40,0.525,0.17857142857142858,1.8181818181818181,0.08658008658008658,./modules/rcpsp-instances/MSPSP/set-2c/inst_set2c_sf0_nc2.1_n20_l4_m15_00.dzn.txt
set-2c,22,4,4,40,0.375,0.06666666666666667,1.8181818181818181,0.08658008658008658,./modules/rcpsp-instances/MSPSP/set-2c/inst_set2c_sf0_nc2.1_n20_l4_m4_00.dzn.txt
set-2c,22,4,6,40,0.5125,0.07317073170731707,1.8181818181818181,0.08658008658008658,./modules/rcpsp-instances/MSPSP/set-2c/inst_set2c_sf0_nc2.1_n20_l4_m6_00.dzn.txt
set-2c,22,4,8,40,0.65,0.07692307692307693,1.8181818181818181,0.08658008658008658,./modules/rcpsp-instances/MSPSP/set-2c/inst_set2c_sf0_nc2.1_n20_l4_m8_00.dzn.txt
set-2c,22,5,10,40,0.51,0.09803921568627451,1.8181818181818181,0.08658008658008658,./modules/rcpsp-instances/MSPSP/set-2c/inst_set2c_sf0_nc2.1_n20_l5_m10_00.dzn.txt
set-2c,22,5,4,40,0.33,0.06060606060606061,1.8181818181818181,0.08658008658008658,./modules/rcpsp-instances/MSPSP/set-2c/inst_set2c_sf0_nc2.1_n20_l5_m4_00.dzn.txt
set-2c,22,5,8,40,0.53,0.07547169811320753,1.8181818181818181,0.08658008658008658,./modules/rcpsp-instances/MSPSP/set-2c/inst_set2c_sf0_nc2.1_n20_l5_m8_00.dzn.txt
set-2c,22,5,8,40,0.63,0.06349206349206349,1.8181818181818181,0.08658008658008658,./modules/rcpsp-instances/MSPSP/set-2c/inst_set2c_sf0_nc2.1_n20_l5_m8_01.dzn.txt
set-2c,22,6,15,40,0.5416666666666666,0.11538461538461539,1.8181818181818181,0.08658008658008658,./modules/rcpsp-instances/MSPSP/set-2c/inst_set2c_sf0_nc2.1_n20_l6_m15_00.dzn.txt
set-2c,22,6,4,40,0.3,0.05555555555555555,1.8181818181818181,0.08658008658008658,./modules/rcpsp-instances/MSPSP/set-2c/inst_set2c_sf0_nc2.1_n20_l6_m4_00.dzn.txt
set-2c,22,6,6,40,0.4083333333333333,0.061224489795918366,1.8181818181818181,0.08658008658008658,./modules/rcpsp-instances/MSPSP/set-2c/inst_set2c_sf0_nc2.1_n20_l6_m6_00.dzn.txt
set-2c,22,6,8,40,0.475,0.07017543859649124,1.8181818181818181,0.08658008658008658,./modules/rcpsp-instances/MSPSP/set-2c/inst_set2c_sf0_nc2.1_n20_l6_m8_00.dzn.txt
set-2c,22,6,8,40,0.43333333333333335,0.07692307692307693,1.8181818181818181,0.08658008658008658,./modules/rcpsp-instances/MSPSP/set-2c/inst_set2c_sf0_nc2.1_n20_l6_m8_01.dzn.txt
set-2c,22,7,10,40,0.45,0.07936507936507936,1.8181818181818181,0.08658008658008658,./modules/rcpsp-instances/MSPSP/set-2c/inst_set2c_sf0_nc2.1_n20_l7_m10_00.dzn.txt
set-2c,22,7,15,40,0.5285714285714286,0.10135135135135136,1.8181818181818181,0.08658008658008658,./modules/rcpsp-instances/MSPSP/set-2c/inst_set2c_sf0_nc2.1_n20_l7_m15_00.dzn.txt
set-2c,22,7,4,40,0.2571428571428571,0.05555555555555555,1.8181818181818181,0.08658008658008658,./modules/rcpsp-instances/MSPSP/set-2c/inst_set2c_sf0_nc2.1_n20_l7_m4_00.dzn.txt
set-2c,22,7,8,40,0.38571428571428573,0.07407407407407407,1.8181818181818181,0.08658008658008658,./modules/rcpsp-instances/MSPSP/set-2c/inst_set2c_sf0_nc2.1_n20_l7_m8_00.dzn.txt
set-2c,22,8,10,40,0.29375,0.10638297872340426,1.8181818181818181,0.08658008658008658,./modules/rcpsp-instances/MSPSP/set-2c/inst_set2c_sf0_nc2.1_n20_l8_m10_00.dzn.txt
set-2c,22,8,10,40,0.36875,0.0847457627118644,1.8181818181818181,0.08658008658008658,./modules/rcpsp-instances/MSPSP/set-2c/inst_set2c_sf0_nc2.1_n20_l8_m10_01.dzn.txt
set-2c,22,8,4,40,0.21875,0.05714285714285714,1.8181818181818181,0.08658008658008658,./modules/rcpsp-instances/MSPSP/set-2c/inst_set2c_sf0_nc2.1_n20_l8_m4_00.dzn.txt
set-2c,22,8,6,40,0.26875,0.06976744186046512,1.8181818181818181,0.08658008658008658,./modules/rcpsp-instances/MSPSP/set-2c/inst_set2c_sf0_nc2.1_n20_l8_m6_00.dzn.txt
set-2c,22,8,8,40,0.28125,0.08888888888888889,1.8181818181818181,0.08658008658008658,./modules/rcpsp-instances/MSPSP/set-2c/inst_set2c_sf0_nc2.1_n20_l8_m8_00.dzn.txt
set-2c,22,9,10,40,0.4222222222222222,0.06578947368421052,1.8181818181818181,0.08658008658008658,./modules/rcpsp-instances/MSPSP/set-2c/inst_set2c_sf0_nc2.1_n20_l9_m10_00.dzn.txt
set-2c,22,9,15,40,0.5222222222222223,0.0797872340425532,1.8181818181818181,0.08658008658008658,./modules/rcpsp-instances/MSPSP/set-2c/inst_set2c_sf0_nc2.1_n20_l9_m15_00.dzn.txt
set-2c,22,9,15,40,0.42777777777777776,0.09740259740259741,1.8181818181818181,0.08658008658008658,./modules/rcpsp-instances/MSPSP/set-2c/inst_set2c_sf0_nc2.1_n20_l9_m15_01.dzn.txt
set-2c,22,9,4,40,0.17777777777777778,0.0625,1.8181818181818181,0.08658008658008658,./modules/rcpsp-instances/MSPSP/set-2c/inst_set2c_sf0_nc2.1_n20_l9_m4_00.dzn.txt
set-2c,22,9,6,40,0.2388888888888889,0.06976744186046512,1.8181818181818181,0.08658008658008658,./modules/rcpsp-instances/MSPSP/set-2c/inst_set2c_sf0_nc2.1_n20_l9_m6_00.dzn.txt
set-2c,22,9,8,40,0.2777777777777778,0.08,1.8181818181818181,0.08658008658008658,./modules/rcpsp-instances/MSPSP/set-2c/inst_set2c_sf0_nc2.1_n20_l9_m8_00.dzn.txt
set-3a,82,4,30,121,0.5,0.0234375,1.475609756097561,0.018217404396266186,./modules/rcpsp-instances/MSPSP/set-3a/inst_set1_sf0.5_nc1.5_n80_m30_00.dzn.txt
set-3a,82,4,30,121,0.5,0.0234375,1.475609756097561,0.018217404396266186,./modules/rcpsp-instances/MSPSP/set-3a/inst_set1_sf0.5_nc1.5_n80_m30_01.dzn.txt
set-3a,82,4,30,121,0.5,0.0234375,1.475609756097561,0.018217404396266186,./modules/rcpsp-instances/MSPSP/set-3a/inst_set1_sf0.5_nc1.5_n80_m30_02.dzn.txt
set-3a,82,4,30,121,0.5,0.0234375,1.475609756097561,0.018217404396266186,./modules/rcpsp-instances/MSPSP/set-3a/inst_set1_sf0.5_nc1.5_n80_m30_03.dzn.txt
set-3a,82,4,30,121,0.5,0.0234375,1.475609756097561,0.018217404396266186,./modules/rcpsp-instances/MSPSP/set-3a/inst_set1_sf0.5_nc1.5_n80_m30_04.dzn.txt
set-3a,82,4,30,121,0.5,0.0234375,1.475609756097561,0.018217404396266186,./modules/rcpsp-instances/MSPSP/set-3a/inst_set1_sf0.5_nc1.5_n80_m30_05.dzn.txt
set-3a,82,4,38,121,0.5,0.0296875,1.475609756097561,0.018217404396266186,./modules/rcpsp-instances/MSPSP/set-3a/inst_set1_sf0.5_nc1.5_n80_m38_00.dzn.txt
set-3a,82,4,38,121,0.5,0.0296875,1.475609756097561,0.018217404396266186,./modules/rcpsp-instances/MSPSP/set-3a/inst_set1_sf0.5_nc1.5_n80_m38_01.dzn.txt
set-3a,82,4,38,121,0.5,0.0296875,1.475609756097561,0.018217404396266186,./modules/rcpsp-instances/MSPSP/set-3a/inst_set1_sf0.5_nc1.5_n80_m38_02.dzn.txt
set-3a,82,4,38,121,0.5,0.0296875,1.475609756097561,0.018217404396266186,./modules/rcpsp-instances/MSPSP/set-3a/inst_set1_sf0.5_nc1.5_n80_m38_03.dzn.txt
set-3a,82,4,38,121,0.5,0.0296875,1.475609756097561,0.018217404396266186,./modules/rcpsp-instances/MSPSP/set-3a/inst_set1_sf0.5_nc1.5_n80_m38_04.dzn.txt
set-3a,82,4,38,121,0.5,0.0296875,1.475609756097561,0.018217404396266186,./modules/rcpsp-instances/MSPSP/set-3a/inst_set1_sf0.5_nc1.5_n80_m38_05.dzn.txt
set-3a,82,4,45,121,0.5,0.03515625,1.475609756097561,0.018217404396266186,./modules/rcpsp-instances/MSPSP/set-3a/inst_set1_sf0.5_nc1.5_n80_m45_00.dzn.txt
set-3a,82,4,45,121,0.5,0.03515625,1.475609756097561,0.018217404396266186,./modules/rcpsp-instances/MSPSP/set-3a/inst_set1_sf0.5_nc1.5_n80_m45_01.dzn.txt
set-3a,82,4,45,121,0.5,0.03515625,1.475609756097561,0.018217404396266186,./modules/rcpsp-instances/MSPSP/set-3a/inst_set1_sf0.5_nc1.5_n80_m45_02.dzn.txt
set-3a,82,4,45,121,0.5,0.03515625,1.475609756097561,0.018217404396266186,./modules/rcpsp-instances/MSPSP/set-3a/inst_set1_sf0.5_nc1.5_n80_m45_03.dzn.txt
set-3a,82,4,45,121,0.5,0.03515625,1.475609756097561,0.018217404396266186,./modules/rcpsp-instances/MSPSP/set-3a/inst_set1_sf0.5_nc1.5_n80_m45_04.dzn.txt
set-3a,82,4,45,121,0.5,0.03515625,1.475609756097561,0.018217404396266186,./modules/rcpsp-instances/MSPSP/set-3a/inst_set1_sf0.5_nc1.5_n80_m45_05.dzn.txt
set-3a,82,4,30,145,0.5,0.0234375,1.7682926829268293,0.021830773863294187,./modules/rcpsp-instances/MSPSP/set-3a/inst_set1_sf0.5_nc1.8_n80_m30_00.dzn.txt
set-3a,82,4,30,145,0.5,0.0234375,1.7682926829268293,0.021830773863294187,./modules/rcpsp-instances/MSPSP/set-3a/inst_set1_sf0.5_nc1.8_n80_m30_01.dzn.txt
set-3a,82,4,30,145,0.5,0.0234375,1.7682926829268293,0.021830773863294187,./modules/rcpsp-instances/MSPSP/set-3a/inst_set1_sf0.5_nc1.8_n80_m30_02.dzn.txt
set-3a,82,4,30,145,0.5,0.0234375,1.7682926829268293,0.021830773863294187,./modules/rcpsp-instances/MSPSP/set-3a/inst_set1_sf0.5_nc1.8_n80_m30_03.dzn.txt
set-3a,82,4,30,145,0.5,0.0234375,1.7682926829268293,0.021830773863294187,./modules/rcpsp-instances/MSPSP/set-3a/inst_set1_sf0.5_nc1.8_n80_m30_04.dzn.txt
set-3a,82,4,30,145,0.5,0.0234375,1.7682926829268293,0.021830773863294187,./modules/rcpsp-instances/MSPSP/set-3a/inst_set1_sf0.5_nc1.8_n80_m30_05.dzn.txt
set-3a,82,4,38,145,0.5,0.0296875,1.7682926829268293,0.021830773863294187,./modules/rcpsp-instances/MSPSP/set-3a/inst_set1_sf0.5_nc1.8_n80_m38_00.dzn.txt
set-3a,82,4,38,145,0.5,0.0296875,1.7682926829268293,0.021830773863294187,./modules/rcpsp-instances/MSPSP/set-3a/inst_set1_sf0.5_nc1.8_n80_m38_01.dzn.txt
set-3a,82,4,38,145,0.5,0.0296875,1.7682926829268293,0.021830773863294187,./modules/rcpsp-instances/MSPSP/set-3a/inst_set1_sf0.5_nc1.8_n80_m38_02.dzn.txt
set-3a,82,4,38,145,0.5,0.0296875,1.7682926829268293,0.021830773863294187,./modules/rcpsp-instances/MSPSP/set-3a/inst_set1_sf0.5_nc1.8_n80_m38_03.dzn.txt
set-3a,82,4,38,145,0.5,0.0296875,1.7682926829268293,0.021830773863294187,./modules/rcpsp-instances/MSPSP/set-3a/inst_set1_sf0.5_nc1.8_n80_m38_04.dzn.txt
set-3a,82,4,38,145,0.5,0.0296875,1.7682926829268293,0.021830773863294187,./modules/rcpsp-instances/MSPSP/set-3a/inst_set1_sf0.5_nc1.8_n80_m38_05.dzn.txt
set-3a,82,4,45,145,0.5,0.03515625,1.7682926829268293,0.021830773863294187,./modules/rcpsp-instances/MSPSP/set-3a/inst_set1_sf0.5_nc1.8_n80_m45_00.dzn.txt
set-3a,82,4,45,145,0.5,0.03515625,1.7682926829268293,0.021830773863294187,./modules/rcpsp-instances/MSPSP/set-3a/inst_set1_sf0.5_nc1.8_n80_m45_01.dzn.txt
set-3a,82,4,45,145,0.5,0.03515625,1.7682926829268293,0.021830773863294187,./modules/rcpsp-instances/MSPSP/set-3a/inst_set1_sf0.5_nc1.8_n80_m45_02.dzn.txt
set-3a,82,4,45,145,0.5,0.03515625,1.7682926829268293,0.021830773863294187,./modules/rcpsp-instances/MSPSP/set-3a/inst_set1_sf0.5_nc1.8_n80_m45_03.dzn.txt
set-3a,82,4,45,145,0.5,0.03515625,1.7682926829268293,0.021830773863294187,./modules/rcpsp-instances/MSPSP/set-3a/inst_set1_sf0.5_nc1.8_n80_m45_04.dzn.txt
set-3a,82,4,45,145,0.5,0.03515625,1.7682926829268293,0.021830773863294187,./modules/rcpsp-instances/MSPSP/set-3a/inst_set1_sf0.5_nc1.8_n80_m45_05.dzn.txt
set-3a,82,4,30,169,0.5,0.0234375,2.0609756097560976,0.025444143330322192,./modules/rcpsp-instances/MSPSP/set-3a/inst_set1_sf0.5_nc2.1_n80_m30_00.dzn.txt
set-3a,82,4,30,169,0.5,0.0234375,2.0609756097560976,0.025444143330322192,./modules/rcpsp-instances/MSPSP/set-3a/inst_set1_sf0.5_nc2.1_n80_m30_01.dzn.txt
set-3a,82,4,30,169,0.5,0.0234375,2.0609756097560976,0.025444143330322192,./modules/rcpsp-instances/MSPSP/set-3a/inst_set1_sf0.5_nc2.1_n80_m30_02.dzn.txt
set-3a,82,4,30,169,0.5,0.0234375,2.0609756097560976,0.025444143330322192,./modules/rcpsp-instances/MSPSP/set-3a/inst_set1_sf0.5_nc2.1_n80_m30_03.dzn.txt
set-3a,82,4,30,169,0.5,0.0234375,2.0609756097560976,0.025444143330322192,./modules/rcpsp-instances/MSPSP/set-3a/inst_set1_sf0.5_nc2.1_n80_m30_04.dzn.txt
set-3a,82,4,30,169,0.5,0.0234375,2.0609756097560976,0.025444143330322192,./modules/rcpsp-instances/MSPSP/set-3a/inst_set1_sf0.5_nc2.1_n80_m30_05.dzn.txt
set-3a,82,4,38,169,0.5,0.0296875,2.0609756097560976,0.025444143330322192,./modules/rcpsp-instances/MSPSP/set-3a/inst_set1_sf0.5_nc2.1_n80_m38_00.dzn.txt
set-3a,82,4,38,169,0.5,0.0296875,2.0609756097560976,0.025444143330322192,./modules/rcpsp-instances/MSPSP/set-3a/inst_set1_sf0.5_nc2.1_n80_m38_01.dzn.txt
set-3a,82,4,38,169,0.5,0.0296875,2.0609756097560976,0.025444143330322192,./modules/rcpsp-instances/MSPSP/set-3a/inst_set1_sf0.5_nc2.1_n80_m38_02.dzn.txt
set-3a,82,4,38,169,0.5,0.0296875,2.0609756097560976,0.025444143330322192,./modules/rcpsp-instances/MSPSP/set-3a/inst_set1_sf0.5_nc2.1_n80_m38_03.dzn.txt
set-3a,82,4,38,169,0.5,0.0296875,2.0609756097560976,0.025444143330322192,./modules/rcpsp-instances/MSPSP/set-3a/inst_set1_sf0.5_nc2.1_n80_m38_04.dzn.txt
set-3a,82,4,38,169,0.5,0.0296875,2.0609756097560976,0.025444143330322192,./modules/rcpsp-instances/MSPSP/set-3a/inst_set1_sf0.5_nc2.1_n80_m38_05.dzn.txt
set-3a,82,4,45,169,0.5,0.03515625,2.0609756097560976,0.025444143330322192,./modules/rcpsp-instances/MSPSP/set-3a/inst_set1_sf0.5_nc2.1_n80_m45_00.dzn.txt
set-3a,82,4,45,169,0.5,0.03515625,2.0609756097560976,0.025444143330322192,./modules/rcpsp-instances/MSPSP/set-3a/inst_set1_sf0.5_nc2.1_n80_m45_01.dzn.txt
set-3a,82,4,45,169,0.5,0.03515625,2.0609756097560976,0.025444143330322192,./modules/rcpsp-instances/MSPSP/set-3a/inst_set1_sf0.5_nc2.1_n80_m45_02.dzn.txt
set-3a,82,4,45,169,0.5,0.03515625,2.0609756097560976,0.025444143330322192,./modules/rcpsp-instances/MSPSP/set-3a/inst_set1_sf0.5_nc2.1_n80_m45_03.dzn.txt
set-3a,82,4,45,169,0.5,0.03515625,2.0609756097560976,0.025444143330322192,./modules/rcpsp-instances/MSPSP/set-3a/inst_set1_sf0.5_nc2.1_n80_m45_04.dzn.txt
set-3a,82,4,45,169,0.5,0.03515625,2.0609756097560976,0.025444143330322192,./modules/rcpsp-instances/MSPSP/set-3a/inst_set1_sf0.5_nc2.1_n80_m45_05.dzn.txt
set-3a,82,4,30,121,0.75,0.015625,1.475609756097561,0.018217404396266186,./modules/rcpsp-instances/MSPSP/set-3a/inst_set1_sf0.75_nc1.5_n80_m30_00.dzn.txt
set-3a,82,4,30,121,0.75,0.015625,1.475609756097561,0.018217404396266186,./modules/rcpsp-instances/MSPSP/set-3a/inst_set1_sf0.75_nc1.5_n80_m30_01.dzn.txt
set-3a,82,4,30,121,0.75,0.015625,1.475609756097561,0.018217404396266186,./modules/rcpsp-instances/MSPSP/set-3a/inst_set1_sf0.75_nc1.5_n80_m30_02.dzn.txt
set-3a,82,4,30,121,0.75,0.015625,1.475609756097561,0.018217404396266186,./modules/rcpsp-instances/MSPSP/set-3a/inst_set1_sf0.75_nc1.5_n80_m30_03.dzn.txt
set-3a,82,4,30,121,0.75,0.015625,1.475609756097561,0.018217404396266186,./modules/rcpsp-instances/MSPSP/set-3a/inst_set1_sf0.75_nc1.5_n80_m30_04.dzn.txt
set-3a,82,4,30,121,0.75,0.015625,1.475609756097561,0.018217404396266186,./modules/rcpsp-instances/MSPSP/set-3a/inst_set1_sf0.75_nc1.5_n80_m30_05.dzn.txt
set-3a,82,4,38,121,0.75,0.019791666666666666,1.475609756097561,0.018217404396266186,./modules/rcpsp-instances/MSPSP/set-3a/inst_set1_sf0.75_nc1.5_n80_m38_00.dzn.txt
set-3a,82,4,38,121,0.75,0.019791666666666666,1.475609756097561,0.018217404396266186,./modules/rcpsp-instances/MSPSP/set-3a/inst_set1_sf0.75_nc1.5_n80_m38_01.dzn.txt
set-3a,82,4,38,121,0.75,0.019791666666666666,1.475609756097561,0.018217404396266186,./modules/rcpsp-instances/MSPSP/set-3a/inst_set1_sf0.75_nc1.5_n80_m38_02.dzn.txt
set-3a,82,4,38,121,0.75,0.019791666666666666,1.475609756097561,0.018217404396266186,./modules/rcpsp-instances/MSPSP/set-3a/inst_set1_sf0.75_nc1.5_n80_m38_03.dzn.txt
set-3a,82,4,38,121,0.75,0.019791666666666666,1.475609756097561,0.018217404396266186,./modules/rcpsp-instances/MSPSP/set-3a/inst_set1_sf0.75_nc1.5_n80_m38_04.dzn.txt
set-3a,82,4,38,121,0.75,0.019791666666666666,1.475609756097561,0.018217404396266186,./modules/rcpsp-instances/MSPSP/set-3a/inst_set1_sf0.75_nc1.5_n80_m38_05.dzn.txt
set-3a,82,4,45,121,0.75,0.0234375,1.475609756097561,0.018217404396266186,./modules/rcpsp-instances/MSPSP/set-3a/inst_set1_sf0.75_nc1.5_n80_m45_00.dzn.txt
set-3a,82,4,45,121,0.75,0.0234375,1.475609756097561,0.018217404396266186,./modules/rcpsp-instances/MSPSP/set-3a/inst_set1_sf0.75_nc1.5_n80_m45_01.dzn.txt
set-3a,82,4,45,121,0.75,0.0234375,1.475609756097561,0.018217404396266186,./modules/rcpsp-instances/MSPSP/set-3a/inst_set1_sf0.75_nc1.5_n80_m45_02.dzn.txt
set-3a,82,4,45,121,0.75,0.0234375,1.475609756097561,0.018217404396266186,./modules/rcpsp-instances/MSPSP/set-3a/inst_set1_sf0.75_nc1.5_n80_m45_03.dzn.txt
set-3a,82,4,45,121,0.75,0.0234375,1.475609756097561,0.018217404396266186,./modules/rcpsp-instances/MSPSP/set-3a/inst_set1_sf0.75_nc1.5_n80_m45_04.dzn.txt
set-3a,82,4,45,121,0.75,0.0234375,1.475609756097561,0.018217404396266186,./modules/rcpsp-instances/MSPSP/set-3a/inst_set1_sf0.75_nc1.5_n80_m45_05.dzn.txt
set-3a,82,4,30,145,0.75,0.015625,1.7682926829268293,0.021830773863294187,./modules/rcpsp-instances/MSPSP/set-3a/inst_set1_sf0.75_nc1.8_n80_m30_00.dzn.txt
set-3a,82,4,30,145,0.75,0.015625,1.7682926829268293,0.021830773863294187,./modules/rcpsp-instances/MSPSP/set-3a/inst_set1_sf0.75_nc1.8_n80_m30_01.dzn.txt
set-3a,82,4,30,145,0.75,0.015625,1.7682926829268293,0.021830773863294187,./modules/rcpsp-instances/MSPSP/set-3a/inst_set1_sf0.75_nc1.8_n80_m30_02.dzn.txt
set-3a,82,4,30,145,0.75,0.015625,1.7682926829268293,0.021830773863294187,./modules/rcpsp-instances/MSPSP/set-3a/inst_set1_sf0.75_nc1.8_n80_m30_03.dzn.txt
set-3a,82,4,30,145,0.75,0.015625,1.7682926829268293,0.021830773863294187,./modules/rcpsp-instances/MSPSP/set-3a/inst_set1_sf0.75_nc1.8_n80_m30_04.dzn.txt
set-3a,82,4,30,145,0.75,0.015625,1.7682926829268293,0.021830773863294187,./modules/rcpsp-instances/MSPSP/set-3a/inst_set1_sf0.75_nc1.8_n80_m30_05.dzn.txt
set-3a,82,4,38,145,0.75,0.019791666666666666,1.7682926829268293,0.021830773863294187,./modules/rcpsp-instances/MSPSP/set-3a/inst_set1_sf0.75_nc1.8_n80_m38_00.dzn.txt
set-3a,82,4,38,145,0.75,0.019791666666666666,1.7682926829268293,0.021830773863294187,./modules/rcpsp-instances/MSPSP/set-3a/inst_set1_sf0.75_nc1.8_n80_m38_01.dzn.txt
set-3a,82,4,38,145,0.75,0.019791666666666666,1.7682926829268293,0.021830773863294187,./modules/rcpsp-instances/MSPSP/set-3a/inst_set1_sf0.75_nc1.8_n80_m38_02.dzn.txt
set-3a,82,4,38,145,0.75,0.019791666666666666,1.7682926829268293,0.021830773863294187,./modules/rcpsp-instances/MSPSP/set-3a/inst_set1_sf0.75_nc1.8_n80_m38_03.dzn.txt
set-3a,82,4,38,145,0.75,0.019791666666666666,1.7682926829268293,0.021830773863294187,./modules/rcpsp-instances/MSPSP/set-3a/inst_set1_sf0.75_nc1.8_n80_m38_04.dzn.txt
set-3a,82,4,38,145,0.75,0.019791666666666666,1.7682926829268293,0.021830773863294187,./modules/rcpsp-instances/MSPSP/set-3a/inst_set1_sf0.75_nc1.8_n80_m38_05.dzn.txt
set-3a,82,4,45,145,0.75,0.0234375,1.7682926829268293,0.021830773863294187,./modules/rcpsp-instances/MSPSP/set-3a/inst_set1_sf0.75_nc1.8_n80_m45_00.dzn.txt
set-3a,82,4,45,145,0.75,0.0234375,1.7682926829268293,0.021830773863294187,./modules/rcpsp-instances/MSPSP/set-3a/inst_set1_sf0.75_nc1.8_n80_m45_01.dzn.txt
set-3a,82,4,45,145,0.75,0.0234375,1.7682926829268293,0.021830773863294187,./modules/rcpsp-instances/MSPSP/set-3a/inst_set1_sf0.75_nc1.8_n80_m45_02.dzn.txt
set-3a,82,4,45,145,0.75,0.0234375,1.7682926829268293,0.021830773863294187,./modules/rcpsp-instances/MSPSP/set-3a/inst_set1_sf0.75_nc1.8_n80_m45_03.dzn.txt
set-3a,82,4,45,145,0.75,0.0234375,1.7682926829268293,0.021830773863294187,./modules/rcpsp-instances/MSPSP/set-3a/inst_set1_sf0.75_nc1.8_n80_m45_04.dzn.txt
set-3a,82,4,45,145,0.75,0.0234375,1.7682926829268293,0.021830773863294187,./modules/rcpsp-instances/MSPSP/set-3a/inst_set1_sf0.75_nc1.8_n80_m45_05.dzn.txt
set-3a,82,4,30,169,0.75,0.015625,2.0609756097560976,0.025444143330322192,./modules/rcpsp-instances/MSPSP/set-3a/inst_set1_sf0.75_nc2.1_n80_m30_00.dzn.txt
set-3a,82,4,30,169,0.75,0.015625,2.0609756097560976,0.025444143330322192,./modules/rcpsp-instances/MSPSP/set-3a/inst_set1_sf0.75_nc2.1_n80_m30_01.dzn.txt
set-3a,82,4,30,169,0.75,0.015625,2.0609756097560976,0.025444143330322192,./modules/rcpsp-instances/MSPSP/set-3a/inst_set1_sf0.75_nc2.1_n80_m30_02.dzn.txt
set-3a,82,4,30,169,0.75,0.015625,2.0609756097560976,0.025444143330322192,./modules/rcpsp-instances/MSPSP/set-3a/inst_set1_sf0.75_nc2.1_n80_m30_03.dzn.txt
set-3a,82,4,30,169,0.75,0.015625,2.0609756097560976,0.025444143330322192,./modules/rcpsp-instances/MSPSP/set-3a/inst_set1_sf0.75_nc2.1_n80_m30_04.dzn.txt
set-3a,82,4,30,169,0.75,0.015625,2.0609756097560976,0.025444143330322192,./modules/rcpsp-instances/MSPSP/set-3a/inst_set1_sf0.75_nc2.1_n80_m30_05.dzn.txt
set-3a,82,4,38,169,0.75,0.019791666666666666,2.0609756097560976,0.025444143330322192,./modules/rcpsp-instances/MSPSP/set-3a/inst_set1_sf0.75_nc2.1_n80_m38_00.dzn.txt
set-3a,82,4,38,169,0.75,0.019791666666666666,2.0609756097560976,0.025444143330322192,./modules/rcpsp-instances/MSPSP/set-3a/inst_set1_sf0.75_nc2.1_n80_m38_01.dzn.txt
set-3a,82,4,38,169,0.75,0.019791666666666666,2.0609756097560976,0.025444143330322192,./modules/rcpsp-instances/MSPSP/set-3a/inst_set1_sf0.75_nc2.1_n80_m38_02.dzn.txt
set-3a,82,4,38,169,0.75,0.019791666666666666,2.0609756097560976,0.025444143330322192,./modules/rcpsp-instances/MSPSP/set-3a/inst_set1_sf0.75_nc2.1_n80_m38_03.dzn.txt
set-3a,82,4,38,169,0.75,0.019791666666666666,2.0609756097560976,0.025444143330322192,./modules/rcpsp-instances/MSPSP/set-3a/inst_set1_sf0.75_nc2.1_n80_m38_04.dzn.txt
set-3a,82,4,38,169,0.75,0.019791666666666666,2.0609756097560976,0.025444143330322192,./modules/rcpsp-instances/MSPSP/set-3a/inst_set1_sf0.75_nc2.1_n80_m38_05.dzn.txt
set-3a,82,4,45,169,0.75,0.0234375,2.0609756097560976,0.025444143330322192,./modules/rcpsp-instances/MSPSP/set-3a/inst_set1_sf0.75_nc2.1_n80_m45_00.dzn.txt
set-3a,82,4,45,169,0.75,0.0234375,2.0609756097560976,0.025444143330322192,./modules/rcpsp-instances/MSPSP/set-3a/inst_set1_sf0.75_nc2.1_n80_m45_01.dzn.txt
set-3a,82,4,45,169,0.75,0.0234375,2.0609756097560976,0.025444143330322192,./modules/rcpsp-instances/MSPSP/set-3a/inst_set1_sf0.75_nc2.1_n80_m45_02.dzn.txt
set-3a,82,4,45,169,0.75,0.0234375,2.0609756097560976,0.025444143330322192,./modules/rcpsp-instances/MSPSP/set-3a/inst_set1_sf0.75_nc2.1_n80_m45_03.dzn.txt
set-3a,82,4,45,169,0.75,0.0234375,2.0609756097560976,0.025444143330322192,./modules/rcpsp-instances/MSPSP/set-3a/inst_set1_sf0.75_nc2.1_n80_m45_04.dzn.txt
set-3a,82,4,45,169,0.75,0.0234375,2.0609756097560976,0.025444143330322192,./modules/rcpsp-instances/MSPSP/set-3a/inst_set1_sf0.75_nc2.1_n80_m45_05.dzn.txt
set-3a,82,4,30,121,0.734375,0.015957446808510637,1.475609756097561,0.018217404396266186,./modules/rcpsp-instances/MSPSP/set-3a/inst_set1_sf0_nc1.5_n80_m30_00.dzn.txt
set-3a,82,4,30,121,0.75625,0.015495867768595042,1.475609756097561,0.018217404396266186,./modules/rcpsp-instances/MSPSP/set-3a/inst_set1_sf0_nc1.5_n80_m30_01.dzn.txt
set-3a,82,4,30,121,0.771875,0.015182186234817813,1.475609756097561,0.018217404396266186,./modules/rcpsp-instances/MSPSP/set-3a/inst_set1_sf0_nc1.5_n80_m30_02.dzn.txt
set-3a,82,4,30,121,0.75625,0.015495867768595042,1.475609756097561,0.018217404396266186,./modules/rcpsp-instances/MSPSP/set-3a/inst_set1_sf0_nc1.5_n80_m30_03.dzn.txt
set-3a,82,4,30,121,0.75625,0.015495867768595042,1.475609756097561,0.018217404396266186,./modules/rcpsp-instances/MSPSP/set-3a/inst_set1_sf0_nc1.5_n80_m30_04.dzn.txt
set-3a,82,4,30,121,0.734375,0.015957446808510637,1.475609756097561,0.018217404396266186,./modules/rcpsp-instances/MSPSP/set-3a/inst_set1_sf0_nc1.5_n80_m30_05.dzn.txt
set-3a,82,4,38,121,0.784375,0.018924302788844622,1.475609756097561,0.018217404396266186,./modules/rcpsp-instances/MSPSP/set-3a/inst_set1_sf0_nc1.5_n80_m38_00.dzn.txt
set-3a,82,4,38,121,0.76875,0.019308943089430895,1.475609756097561,0.018217404396266186,./modules/rcpsp-instances/MSPSP/set-3a/inst_set1_sf0_nc1.5_n80_m38_01.dzn.txt
set-3a,82,4,38,121,0.790625,0.018774703557312252,1.475609756097561,0.018217404396266186,./modules/rcpsp-instances/MSPSP/set-3a/inst_set1_sf0_nc1.5_n80_m38_02.dzn.txt
set-3a,82,4,38,121,0.7625,0.0194672131147541,1.475609756097561,0.018217404396266186,./modules/rcpsp-instances/MSPSP/set-3a/inst_set1_sf0_nc1.5_n80_m38_03.dzn.txt
set-3a,82,4,38,121,0.721875,0.020562770562770564,1.475609756097561,0.018217404396266186,./modules/rcpsp-instances/MSPSP/set-3a/inst_set1_sf0_nc1.5_n80_m38_04.dzn.txt
set-3a,82,4,38,121,0.73125,0.0202991452991453,1.475609756097561,0.018217404396266186,./modules/rcpsp-instances/MSPSP/set-3a/inst_set1_sf0_nc1.5_n80_m38_05.dzn.txt
set-3a,82,4,45,121,0.7375,0.023834745762711863,1.475609756097561,0.018217404396266186,./modules/rcpsp-instances/MSPSP/set-3a/inst_set1_sf0_nc1.5_n80_m45_00.dzn.txt
set-3a,82,4,45,121,0.771875,0.02277327935222672,1.475609756097561,0.018217404396266186,./modules/rcpsp-instances/MSPSP/set-3a/inst_set1_sf0_nc1.5_n80_m45_01.dzn.txt
set-3a,82,4,45,121,0.73125,0.02403846153846154,1.475609756097561,0.018217404396266186,./modules/rcpsp-instances/MSPSP/set-3a/inst_set1_sf0_nc1.5_n80_m45_02.dzn.txt
set-3a,82,4,45,121,0.7375,0.023834745762711863,1.475609756097561,0.018217404396266186,./modules/rcpsp-instances/MSPSP/set-3a/inst_set1_sf0_nc1.5_n80_m45_03.dzn.txt
set-3a,82,4,45,121,0.73125,0.02403846153846154,1.475609756097561,0.018217404396266186,./modules/rcpsp-instances/MSPSP/set-3a/inst_set1_sf0_nc1.5_n80_m45_04.dzn.txt
set-3a,82,4,45,121,0.73125,0.02403846153846154,1.475609756097561,0.018217404396266186,./modules/rcpsp-instances/MSPSP/set-3a/inst_set1_sf0_nc1.5_n80_m45_05.dzn.txt
set-3a,82,4,30,145,0.740625,0.015822784810126583,1.7682926829268293,0.021830773863294187,./modules/rcpsp-instances/MSPSP/set-3a/inst_set1_sf0_nc1.8_n80_m30_00.dzn.txt
set-3a,82,4,30,145,0.734375,0.015957446808510637,1.7682926829268293,0.021830773863294187,./modules/rcpsp-instances/MSPSP/set-3a/inst_set1_sf0_nc1.8_n80_m30_01.dzn.txt
set-3a,82,4,30,145,0.746875,0.015690376569037656,1.7682926829268293,0.021830773863294187,./modules/rcpsp-instances/MSPSP/set-3a/inst_set1_sf0_nc1.8_n80_m30_02.dzn.txt
set-3a,82,4,30,145,0.74375,0.015756302521008403,1.7682926829268293,0.021830773863294187,./modules/rcpsp-instances/MSPSP/set-3a/inst_set1_sf0_nc1.8_n80_m30_03.dzn.txt
set-3a,82,4,30,145,0.7125,0.01644736842105263,1.7682926829268293,0.021830773863294187,./modules/rcpsp-instances/MSPSP/set-3a/inst_set1_sf0_nc1.8_n80_m30_04.dzn.txt
set-3a,82,4,30,145,0.734375,0.015957446808510637,1.7682926829268293,0.021830773863294187,./modules/rcpsp-instances/MSPSP/set-3a/inst_set1_sf0_nc1.8_n80_m30_05.dzn.txt
set-3a,82,4,38,145,0.740625,0.020042194092827006,1.7682926829268293,0.021830773863294187,./modules/rcpsp-instances/MSPSP/set-3a/inst_set1_sf0_nc1.8_n80_m38_00.dzn.txt
set-3a,82,4,38,145,0.73125,0.0202991452991453,1.7682926829268293,0.021830773863294187,./modules/rcpsp-instances/MSPSP/set-3a/inst_set1_sf0_nc1.8_n80_m38_01.dzn.txt
set-3a,82,4,38,145,0.75,0.019791666666666666,1.7682926829268293,0.021830773863294187,./modules/rcpsp-instances/MSPSP/set-3a/inst_set1_sf0_nc1.8_n80_m38_02.dzn.txt
set-3a,82,4,38,145,0.7375,0.020127118644067795,1.7682926829268293,0.021830773863294187,./modules/rcpsp-instances/MSPSP/set-3a/inst_set1_sf0_nc1.8_n80_m38_03.dzn.txt
set-3a,82,4,38,145,0.75,0.019791666666666666,1.7682926829268293,0.021830773863294187,./modules/rcpsp-instances/MSPSP/set-3a/inst_set1_sf0_nc1.8_n80_m38_04.dzn.txt
set-3a,82,4,38,145,0.778125,0.019076305220883535,1.7682926829268293,0.021830773863294187,./modules/rcpsp-instances/MSPSP/set-3a/inst_set1_sf0_nc1.8_n80_m38_05.dzn.txt
set-3a,82,4,45,145,0.75625,0.02324380165289256,1.7682926829268293,0.021830773863294187,./modules/rcpsp-instances/MSPSP/set-3a/inst_set1_sf0_nc1.8_n80_m45_00.dzn.txt
set-3a,82,4,45,145,0.75625,0.02324380165289256,1.7682926829268293,0.021830773863294187,./modules/rcpsp-instances/MSPSP/set-3a/inst_set1_sf0_nc1.8_n80_m45_01.dzn.txt
set-3a,82,4,45,145,0.709375,0.02477973568281938,1.7682926829268293,0.021830773863294187,./modules/rcpsp-instances/MSPSP/set-3a/inst_set1_sf0_nc1.8_n80_m45_02.dzn.txt
set-3a,82,4,45,145,0.765625,0.02295918367346939,1.7682926829268293,0.021830773863294187,./modules/rcpsp-instances/MSPSP/set-3a/inst_set1_sf0_nc1.8_n80_m45_03.dzn.txt
set-3a,82,4,45,145,0.76875,0.022865853658536585,1.7682926829268293,0.021830773863294187,./modules/rcpsp-instances/MSPSP/set-3a/inst_set1_sf0_nc1.8_n80_m45_04.dzn.txt
set-3a,82,4,45,145,0.69375,0.02533783783783784,1.7682926829268293,0.021830773863294187,./modules/rcpsp-instances/MSPSP/set-3a/inst_set1_sf0_nc1.8_n80_m45_05.dzn.txt
set-3a,82,4,30,169,0.725,0.016163793103448277,2.0609756097560976,0.025444143330322192,./modules/rcpsp-instances/MSPSP/set-3a/inst_set1_sf0_nc2.1_n80_m30_00.dzn.txt
set-3a,82,4,30,169,0.740625,0.015822784810126583,2.0609756097560976,0.025444143330322192,./modules/rcpsp-instances/MSPSP/set-3a/inst_set1_sf0_nc2.1_n80_m30_01.dzn.txt
set-3a,82,4,30,169,0.75,0.015625,2.0609756097560976,0.025444143330322192,./modules/rcpsp-instances/MSPSP/set-3a/inst_set1_sf0_nc2.1_n80_m30_02.dzn.txt
set-3a,82,4,30,169,0.765625,0.015306122448979591,2.0609756097560976,0.025444143330322192,./modules/rcpsp-instances/MSPSP/set-3a/inst_set1_sf0_nc2.1_n80_m30_03.dzn.txt
set-3a,82,4,30,169,0.728125,0.016094420600858368,2.0609756097560976,0.025444143330322192,./modules/rcpsp-instances/MSPSP/set-3a/inst_set1_sf0_nc2.1_n80_m30_04.dzn.txt
set-3a,82,4,30,169,0.740625,0.015822784810126583,2.0609756097560976,0.025444143330322192,./modules/rcpsp-instances/MSPSP/set-3a/inst_set1_sf0_nc2.1_n80_m30_05.dzn.txt
set-3a,82,4,38,169,0.753125,0.01970954356846473,2.0609756097560976,0.025444143330322192,./modules/rcpsp-instances/MSPSP/set-3a/inst_set1_sf0_nc2.1_n80_m38_00.dzn.txt
set-3a,82,4,38,169,0.771875,0.019230769230769232,2.0609756097560976,0.025444143330322192,./modules/rcpsp-instances/MSPSP/set-3a/inst_set1_sf0_nc2.1_n80_m38_01.dzn.txt
set-3a,82,4,38,169,0.75625,0.01962809917355372,2.0609756097560976,0.025444143330322192,./modules/rcpsp-instances/MSPSP/set-3a/inst_set1_sf0_nc2.1_n80_m38_02.dzn.txt
set-3a,82,4,38,169,0.75625,0.01962809917355372,2.0609756097560976,0.025444143330322192,./modules/rcpsp-instances/MSPSP/set-3a/inst_set1_sf0_nc2.1_n80_m38_03.dzn.txt
set-3a,82,4,38,169,0.75625,0.01962809917355372,2.0609756097560976,0.025444143330322192,./modules/rcpsp-instances/MSPSP/set-3a/inst_set1_sf0_nc2.1_n80_m38_04.dzn.txt
set-3a,82,4,38,169,0.74375,0.01995798319327731,2.0609756097560976,0.025444143330322192,./modules/rcpsp-instances/MSPSP/set-3a/inst_set1_sf0_nc2.1_n80_m38_05.dzn.txt
set-3a,82,4,45,169,0.728125,0.024141630901287552,2.0609756097560976,0.025444143330322192,./modules/rcpsp-instances/MSPSP/set-3a/inst_set1_sf0_nc2.1_n80_m45_00.dzn.txt
set-3a,82,4,45,169,0.728125,0.024141630901287552,2.0609756097560976,0.025444143330322192,./modules/rcpsp-instances/MSPSP/set-3a/inst_set1_sf0_nc2.1_n80_m45_01.dzn.txt
set-3a,82,4,45,169,0.734375,0.023936170212765957,2.0609756097560976,0.025444143330322192,./modules/rcpsp-instances/MSPSP/set-3a/inst_set1_sf0_nc2.1_n80_m45_02.dzn.txt
set-3a,82,4,45,169,0.7375,0.023834745762711863,2.0609756097560976,0.025444143330322192,./modules/rcpsp-instances/MSPSP/set-3a/inst_set1_sf0_nc2.1_n80_m45_03.dzn.txt
set-3a,82,4,45,169,0.725,0.024245689655172414,2.0609756097560976,0.025444143330322192,./modules/rcpsp-instances/MSPSP/set-3a/inst_set1_sf0_nc2.1_n80_m45_04.dzn.txt
set-3a,82,4,45,169,0.765625,0.02295918367346939,2.0609756097560976,0.025444143330322192,./modules/rcpsp-instances/MSPSP/set-3a/inst_set1_sf0_nc2.1_n80_m45_05.dzn.txt
set-3a,82,4,30,121,1.0,0.01171875,1.475609756097561,0.018217404396266186,./modules/rcpsp-instances/MSPSP/set-3a/inst_set1_sf1_nc1.5_n80_m30_00.dzn.txt
set-3a,82,4,30,121,1.0,0.01171875,1.475609756097561,0.018217404396266186,./modules/rcpsp-instances/MSPSP/set-3a/inst_set1_sf1_nc1.5_n80_m30_01.dzn.txt
set-3a,82,4,30,121,1.0,0.01171875,1.475609756097561,0.018217404396266186,./modules/rcpsp-instances/MSPSP/set-3a/inst_set1_sf1_nc1.5_n80_m30_02.dzn.txt
set-3a,82,4,30,121,1.0,0.01171875,1.475609756097561,0.018217404396266186,./modules/rcpsp-instances/MSPSP/set-3a/inst_set1_sf1_nc1.5_n80_m30_03.dzn.txt
set-3a,82,4,30,121,1.0,0.01171875,1.475609756097561,0.018217404396266186,./modules/rcpsp-instances/MSPSP/set-3a/inst_set1_sf1_nc1.5_n80_m30_04.dzn.txt
set-3a,82,4,30,121,1.0,0.01171875,1.475609756097561,0.018217404396266186,./modules/rcpsp-instances/MSPSP/set-3a/inst_set1_sf1_nc1.5_n80_m30_05.dzn.txt
set-3a,82,4,38,121,1.0,0.01484375,1.475609756097561,0.018217404396266186,./modules/rcpsp-instances/MSPSP/set-3a/inst_set1_sf1_nc1.5_n80_m38_00.dzn.txt
set-3a,82,4,38,121,1.0,0.01484375,1.475609756097561,0.018217404396266186,./modules/rcpsp-instances/MSPSP/set-3a/inst_set1_sf1_nc1.5_n80_m38_01.dzn.txt
set-3a,82,4,38,121,1.0,0.01484375,1.475609756097561,0.018217404396266186,./modules/rcpsp-instances/MSPSP/set-3a/inst_set1_sf1_nc1.5_n80_m38_02.dzn.txt
set-3a,82,4,38,121,1.0,0.01484375,1.475609756097561,0.018217404396266186,./modules/rcpsp-instances/MSPSP/set-3a/inst_set1_sf1_nc1.5_n80_m38_03.dzn.txt
set-3a,82,4,38,121,1.0,0.01484375,1.475609756097561,0.018217404396266186,./modules/rcpsp-instances/MSPSP/set-3a/inst_set1_sf1_nc1.5_n80_m38_04.dzn.txt
set-3a,82,4,38,121,1.0,0.01484375,1.475609756097561,0.018217404396266186,./modules/rcpsp-instances/MSPSP/set-3a/inst_set1_sf1_nc1.5_n80_m38_05.dzn.txt
set-3a,82,4,45,121,1.0,0.017578125,1.475609756097561,0.018217404396266186,./modules/rcpsp-instances/MSPSP/set-3a/inst_set1_sf1_nc1.5_n80_m45_00.dzn.txt
set-3a,82,4,45,121,1.0,0.017578125,1.475609756097561,0.018217404396266186,./modules/rcpsp-instances/MSPSP/set-3a/inst_set1_sf1_nc1.5_n80_m45_01.dzn.txt
set-3a,82,4,45,121,1.0,0.017578125,1.475609756097561,0.018217404396266186,./modules/rcpsp-instances/MSPSP/set-3a/inst_set1_sf1_nc1.5_n80_m45_02.dzn.txt
set-3a,82,4,45,121,1.0,0.017578125,1.475609756097561,0.018217404396266186,./modules/rcpsp-instances/MSPSP/set-3a/inst_set1_sf1_nc1.5_n80_m45_03.dzn.txt
set-3a,82,4,45,121,1.0,0.017578125,1.475609756097561,0.018217404396266186,./modules/rcpsp-instances/MSPSP/set-3a/inst_set1_sf1_nc1.5_n80_m45_04.dzn.txt
set-3a,82,4,45,121,1.0,0.017578125,1.475609756097561,0.018217404396266186,./modules/rcpsp-instances/MSPSP/set-3a/inst_set1_sf1_nc1.5_n80_m45_05.dzn.txt
set-3a,82,4,30,145,1.0,0.01171875,1.7682926829268293,0.021830773863294187,./modules/rcpsp-instances/MSPSP/set-3a/inst_set1_sf1_nc1.8_n80_m30_00.dzn.txt
set-3a,82,4,30,145,1.0,0.01171875,1.7682926829268293,0.021830773863294187,./modules/rcpsp-instances/MSPSP/set-3a/inst_set1_sf1_nc1.8_n80_m30_01.dzn.txt
set-3a,82,4,30,145,1.0,0.01171875,1.7682926829268293,0.021830773863294187,./modules/rcpsp-instances/MSPSP/set-3a/inst_set1_sf1_nc1.8_n80_m30_02.dzn.txt
set-3a,82,4,30,145,1.0,0.01171875,1.7682926829268293,0.021830773863294187,./modules/rcpsp-instances/MSPSP/set-3a/inst_set1_sf1_nc1.8_n80_m30_03.dzn.txt
set-3a,82,4,30,145,1.0,0.01171875,1.7682926829268293,0.021830773863294187,./modules/rcpsp-instances/MSPSP/set-3a/inst_set1_sf1_nc1.8_n80_m30_04.dzn.txt
set-3a,82,4,30,145,1.0,0.01171875,1.7682926829268293,0.021830773863294187,./modules/rcpsp-instances/MSPSP/set-3a/inst_set1_sf1_nc1.8_n80_m30_05.dzn.txt
set-3a,82,4,38,145,1.0,0.01484375,1.7682926829268293,0.021830773863294187,./modules/rcpsp-instances/MSPSP/set-3a/inst_set1_sf1_nc1.8_n80_m38_00.dzn.txt
set-3a,82,4,38,145,1.0,0.01484375,1.7682926829268293,0.021830773863294187,./modules/rcpsp-instances/MSPSP/set-3a/inst_set1_sf1_nc1.8_n80_m38_01.dzn.txt
set-3a,82,4,38,145,1.0,0.01484375,1.7682926829268293,0.021830773863294187,./modules/rcpsp-instances/MSPSP/set-3a/inst_set1_sf1_nc1.8_n80_m38_02.dzn.txt
set-3a,82,4,38,145,1.0,0.01484375,1.7682926829268293,0.021830773863294187,./modules/rcpsp-instances/MSPSP/set-3a/inst_set1_sf1_nc1.8_n80_m38_03.dzn.txt
set-3a,82,4,38,145,1.0,0.01484375,1.7682926829268293,0.021830773863294187,./modules/rcpsp-instances/MSPSP/set-3a/inst_set1_sf1_nc1.8_n80_m38_04.dzn.txt
set-3a,82,4,38,145,1.0,0.01484375,1.7682926829268293,0.021830773863294187,./modules/rcpsp-instances/MSPSP/set-3a/inst_set1_sf1_nc1.8_n80_m38_05.dzn.txt
set-3a,82,4,45,145,1.0,0.017578125,1.7682926829268293,0.021830773863294187,./modules/rcpsp-instances/MSPSP/set-3a/inst_set1_sf1_nc1.8_n80_m45_00.dzn.txt
set-3a,82,4,45,145,1.0,0.017578125,1.7682926829268293,0.021830773863294187,./modules/rcpsp-instances/MSPSP/set-3a/inst_set1_sf1_nc1.8_n80_m45_01.dzn.txt
set-3a,82,4,45,145,1.0,0.017578125,1.7682926829268293,0.021830773863294187,./modules/rcpsp-instances/MSPSP/set-3a/inst_set1_sf1_nc1.8_n80_m45_02.dzn.txt
set-3a,82,4,45,145,1.0,0.017578125,1.7682926829268293,0.021830773863294187,./modules/rcpsp-instances/MSPSP/set-3a/inst_set1_sf1_nc1.8_n80_m45_03.dzn.txt
set-3a,82,4,45,145,1.0,0.017578125,1.7682926829268293,0.021830773863294187,./modules/rcpsp-instances/MSPSP/set-3a/inst_set1_sf1_nc1.8_n80_m45_04.dzn.txt
set-3a,82,4,45,145,1.0,0.017578125,1.7682926829268293,0.021830773863294187,./modules/rcpsp-instances/MSPSP/set-3a/inst_set1_sf1_nc1.8_n80_m45_05.dzn.txt
set-3a,82,4,30,169,1.0,0.01171875,2.0609756097560976,0.025444143330322192,./modules/rcpsp-instances/MSPSP/set-3a/inst_set1_sf1_nc2.1_n80_m30_00.dzn.txt
set-3a,82,4,30,169,1.0,0.01171875,2.0609756097560976,0.025444143330322192,./modules/rcpsp-instances/MSPSP/set-3a/inst_set1_sf1_nc2.1_n80_m30_01.dzn.txt
set-3a,82,4,30,169,1.0,0.01171875,2.0609756097560976,0.025444143330322192,./modules/rcpsp-instances/MSPSP/set-3a/inst_set1_sf1_nc2.1_n80_m30_02.dzn.txt
set-3a,82,4,30,169,1.0,0.01171875,2.0609756097560976,0.025444143330322192,./modules/rcpsp-instances/MSPSP/set-3a/inst_set1_sf1_nc2.1_n80_m30_03.dzn.txt
set-3a,82,4,30,169,1.0,0.01171875,2.0609756097560976,0.025444143330322192,./modules/rcpsp-instances/MSPSP/set-3a/inst_set1_sf1_nc2.1_n80_m30_04.dzn.txt
set-3a,82,4,30,169,1.0,0.01171875,2.0609756097560976,0.025444143330322192,./modules/rcpsp-instances/MSPSP/set-3a/inst_set1_sf1_nc2.1_n80_m30_05.dzn.txt
set-3a,82,4,38,169,1.0,0.01484375,2.0609756097560976,0.025444143330322192,./modules/rcpsp-instances/MSPSP/set-3a/inst_set1_sf1_nc2.1_n80_m38_00.dzn.txt
set-3a,82,4,38,169,1.0,0.01484375,2.0609756097560976,0.025444143330322192,./modules/rcpsp-instances/MSPSP/set-3a/inst_set1_sf1_nc2.1_n80_m38_01.dzn.txt
set-3a,82,4,38,169,1.0,0.01484375,2.0609756097560976,0.025444143330322192,./modules/rcpsp-instances/MSPSP/set-3a/inst_set1_sf1_nc2.1_n80_m38_02.dzn.txt
set-3a,82,4,38,169,1.0,0.01484375,2.0609756097560976,0.025444143330322192,./modules/rcpsp-instances/MSPSP/set-3a/inst_set1_sf1_nc2.1_n80_m38_03.dzn.txt
set-3a,82,4,38,169,1.0,0.01484375,2.0609756097560976,0.025444143330322192,./modules/rcpsp-instances/MSPSP/set-3a/inst_set1_sf1_nc2.1_n80_m38_04.dzn.txt
set-3a,82,4,38,169,1.0,0.01484375,2.0609756097560976,0.025444143330322192,./modules/rcpsp-instances/MSPSP/set-3a/inst_set1_sf1_nc2.1_n80_m38_05.dzn.txt
set-3a,82,4,45,169,1.0,0.017578125,2.0609756097560976,0.025444143330322192,./modules/rcpsp-instances/MSPSP/set-3a/inst_set1_sf1_nc2.1_n80_m45_00.dzn.txt
set-3a,82,4,45,169,1.0,0.017578125,2.0609756097560976,0.025444143330322192,./modules/rcpsp-instances/MSPSP/set-3a/inst_set1_sf1_nc2.1_n80_m45_01.dzn.txt
set-3a,82,4,45,169,1.0,0.017578125,2.0609756097560976,0.025444143330322192,./modules/rcpsp-instances/MSPSP/set-3a/inst_set1_sf1_nc2.1_n80_m45_02.dzn.txt
set-3a,82,4,45,169,1.0,0.017578125,2.0609756097560976,0.025444143330322192,./modules/rcpsp-instances/MSPSP/set-3a/inst_set1_sf1_nc2.1_n80_m45_03.dzn.txt
set-3a,82,4,45,169,1.0,0.017578125,2.0609756097560976,0.025444143330322192,./modules/rcpsp-instances/MSPSP/set-3a/inst_set1_sf1_nc2.1_n80_m45_04.dzn.txt
set-3a,82,4,45,169,1.0,0.017578125,2.0609756097560976,0.025444143330322192,./modules/rcpsp-instances/MSPSP/set-3a/inst_set1_sf1_nc2.1_n80_m45_05.dzn.txt
set-3b,62,4,30,91,0.5,0.041666666666666664,1.467741935483871,0.024061343204653623,./modules/rcpsp-instances/MSPSP/set-3b/inst_set1_sf0.5_nc1.5_n60_m30_00.dzn.txt
set-3b,62,4,30,91,0.5,0.041666666666666664,1.467741935483871,0.024061343204653623,./modules/rcpsp-instances/MSPSP/set-3b/inst_set1_sf0.5_nc1.5_n60_m30_01.dzn.txt
set-3b,62,4,30,91,0.5,0.041666666666666664,1.467741935483871,0.024061343204653623,./modules/rcpsp-instances/MSPSP/set-3b/inst_set1_sf0.5_nc1.5_n60_m30_02.dzn.txt
set-3b,62,4,30,91,0.5,0.041666666666666664,1.467741935483871,0.024061343204653623,./modules/rcpsp-instances/MSPSP/set-3b/inst_set1_sf0.5_nc1.5_n60_m30_03.dzn.txt
set-3b,62,4,30,91,0.5,0.041666666666666664,1.467741935483871,0.024061343204653623,./modules/rcpsp-instances/MSPSP/set-3b/inst_set1_sf0.5_nc1.5_n60_m30_04.dzn.txt
set-3b,62,4,30,91,0.5,0.041666666666666664,1.467741935483871,0.024061343204653623,./modules/rcpsp-instances/MSPSP/set-3b/inst_set1_sf0.5_nc1.5_n60_m30_05.dzn.txt
set-3b,62,4,38,91,0.5,0.05277777777777778,1.467741935483871,0.024061343204653623,./modules/rcpsp-instances/MSPSP/set-3b/inst_set1_sf0.5_nc1.5_n60_m38_00.dzn.txt
set-3b,62,4,38,91,0.5,0.05277777777777778,1.467741935483871,0.024061343204653623,./modules/rcpsp-instances/MSPSP/set-3b/inst_set1_sf0.5_nc1.5_n60_m38_01.dzn.txt
set-3b,62,4,38,91,0.5,0.05277777777777778,1.467741935483871,0.024061343204653623,./modules/rcpsp-instances/MSPSP/set-3b/inst_set1_sf0.5_nc1.5_n60_m38_02.dzn.txt
set-3b,62,4,38,91,0.5,0.05277777777777778,1.467741935483871,0.024061343204653623,./modules/rcpsp-instances/MSPSP/set-3b/inst_set1_sf0.5_nc1.5_n60_m38_03.dzn.txt
set-3b,62,4,38,91,0.5,0.05277777777777778,1.467741935483871,0.024061343204653623,./modules/rcpsp-instances/MSPSP/set-3b/inst_set1_sf0.5_nc1.5_n60_m38_04.dzn.txt
set-3b,62,4,38,91,0.5,0.05277777777777778,1.467741935483871,0.024061343204653623,./modules/rcpsp-instances/MSPSP/set-3b/inst_set1_sf0.5_nc1.5_n60_m38_05.dzn.txt
set-3b,62,4,45,91,0.5,0.0625,1.467741935483871,0.024061343204653623,./modules/rcpsp-instances/MSPSP/set-3b/inst_set1_sf0.5_nc1.5_n60_m45_00.dzn.txt
set-3b,62,4,45,91,0.5,0.0625,1.467741935483871,0.024061343204653623,./modules/rcpsp-instances/MSPSP/set-3b/inst_set1_sf0.5_nc1.5_n60_m45_01.dzn.txt
set-3b,62,4,45,91,0.5,0.0625,1.467741935483871,0.024061343204653623,./modules/rcpsp-instances/MSPSP/set-3b/inst_set1_sf0.5_nc1.5_n60_m45_02.dzn.txt
set-3b,62,4,45,91,0.5,0.0625,1.467741935483871,0.024061343204653623,./modules/rcpsp-instances/MSPSP/set-3b/inst_set1_sf0.5_nc1.5_n60_m45_03.dzn.txt
set-3b,62,4,45,91,0.5,0.0625,1.467741935483871,0.024061343204653623,./modules/rcpsp-instances/MSPSP/set-3b/inst_set1_sf0.5_nc1.5_n60_m45_04.dzn.txt
set-3b,62,4,45,91,0.5,0.0625,1.467741935483871,0.024061343204653623,./modules/rcpsp-instances/MSPSP/set-3b/inst_set1_sf0.5_nc1.5_n60_m45_05.dzn.txt
set-3b,62,4,30,103,0.5,0.041666666666666664,1.6612903225806452,0.027234267583289264,./modules/rcpsp-instances/MSPSP/set-3b/inst_set1_sf0.5_nc1.7_n60_m30_00.dzn.txt
set-3b,62,4,30,103,0.5,0.041666666666666664,1.6612903225806452,0.027234267583289264,./modules/rcpsp-instances/MSPSP/set-3b/inst_set1_sf0.5_nc1.7_n60_m30_01.dzn.txt
set-3b,62,4,30,103,0.5,0.041666666666666664,1.6612903225806452,0.027234267583289264,./modules/rcpsp-instances/MSPSP/set-3b/inst_set1_sf0.5_nc1.7_n60_m30_02.dzn.txt
set-3b,62,4,30,103,0.5,0.041666666666666664,1.6612903225806452,0.027234267583289264,./modules/rcpsp-instances/MSPSP/set-3b/inst_set1_sf0.5_nc1.7_n60_m30_03.dzn.txt
set-3b,62,4,30,103,0.5,0.041666666666666664,1.6612903225806452,0.027234267583289264,./modules/rcpsp-instances/MSPSP/set-3b/inst_set1_sf0.5_nc1.7_n60_m30_04.dzn.txt
set-3b,62,4,30,103,0.5,0.041666666666666664,1.6612903225806452,0.027234267583289264,./modules/rcpsp-instances/MSPSP/set-3b/inst_set1_sf0.5_nc1.7_n60_m30_05.dzn.txt
set-3b,62,4,38,103,0.5,0.05277777777777778,1.6612903225806452,0.027234267583289264,./modules/rcpsp-instances/MSPSP/set-3b/inst_set1_sf0.5_nc1.7_n60_m38_00.dzn.txt
set-3b,62,4,38,103,0.5,0.05277777777777778,1.6612903225806452,0.027234267583289264,./modules/rcpsp-instances/MSPSP/set-3b/inst_set1_sf0.5_nc1.7_n60_m38_01.dzn.txt
set-3b,62,4,38,103,0.5,0.05277777777777778,1.6612903225806452,0.027234267583289264,./modules/rcpsp-instances/MSPSP/set-3b/inst_set1_sf0.5_nc1.7_n60_m38_02.dzn.txt
set-3b,62,4,38,103,0.5,0.05277777777777778,1.6612903225806452,0.027234267583289264,./modules/rcpsp-instances/MSPSP/set-3b/inst_set1_sf0.5_nc1.7_n60_m38_03.dzn.txt
set-3b,62,4,38,103,0.5,0.05277777777777778,1.6612903225806452,0.027234267583289264,./modules/rcpsp-instances/MSPSP/set-3b/inst_set1_sf0.5_nc1.7_n60_m38_04.dzn.txt
set-3b,62,4,38,103,0.5,0.05277777777777778,1.6612903225806452,0.027234267583289264,./modules/rcpsp-instances/MSPSP/set-3b/inst_set1_sf0.5_nc1.7_n60_m38_05.dzn.txt
set-3b,62,4,45,103,0.5,0.0625,1.6612903225806452,0.027234267583289264,./modules/rcpsp-instances/MSPSP/set-3b/inst_set1_sf0.5_nc1.7_n60_m45_00.dzn.txt
set-3b,62,4,45,103,0.5,0.0625,1.6612903225806452,0.027234267583289264,./modules/rcpsp-instances/MSPSP/set-3b/inst_set1_sf0.5_nc1.7_n60_m45_01.dzn.txt
set-3b,62,4,45,103,0.5,0.0625,1.6612903225806452,0.027234267583289264,./modules/rcpsp-instances/MSPSP/set-3b/inst_set1_sf0.5_nc1.7_n60_m45_02.dzn.txt
set-3b,62,4,45,103,0.5,0.0625,1.6612903225806452,0.027234267583289264,./modules/rcpsp-instances/MSPSP/set-3b/inst_set1_sf0.5_nc1.7_n60_m45_03.dzn.txt
set-3b,62,4,45,103,0.5,0.0625,1.6612903225806452,0.027234267583289264,./modules/rcpsp-instances/MSPSP/set-3b/inst_set1_sf0.5_nc1.7_n60_m45_04.dzn.txt
set-3b,62,4,45,103,0.5,0.0625,1.6612903225806452,0.027234267583289264,./modules/rcpsp-instances/MSPSP/set-3b/inst_set1_sf0.5_nc1.7_n60_m45_05.dzn.txt
set-3b,62,4,30,115,0.5,0.041666666666666664,1.8548387096774193,0.030407191961924908,./modules/rcpsp-instances/MSPSP/set-3b/inst_set1_sf0.5_nc1.9_n60_m30_00.dzn.txt
set-3b,62,4,30,115,0.5,0.041666666666666664,1.8548387096774193,0.030407191961924908,./modules/rcpsp-instances/MSPSP/set-3b/inst_set1_sf0.5_nc1.9_n60_m30_01.dzn.txt
set-3b,62,4,30,115,0.5,0.041666666666666664,1.8548387096774193,0.030407191961924908,./modules/rcpsp-instances/MSPSP/set-3b/inst_set1_sf0.5_nc1.9_n60_m30_02.dzn.txt
set-3b,62,4,30,115,0.5,0.041666666666666664,1.8548387096774193,0.030407191961924908,./modules/rcpsp-instances/MSPSP/set-3b/inst_set1_sf0.5_nc1.9_n60_m30_03.dzn.txt
set-3b,62,4,30,115,0.5,0.041666666666666664,1.8548387096774193,0.030407191961924908,./modules/rcpsp-instances/MSPSP/set-3b/inst_set1_sf0.5_nc1.9_n60_m30_04.dzn.txt
set-3b,62,4,30,115,0.5,0.041666666666666664,1.8548387096774193,0.030407191961924908,./modules/rcpsp-instances/MSPSP/set-3b/inst_set1_sf0.5_nc1.9_n60_m30_05.dzn.txt
set-3b,62,4,38,115,0.5,0.05277777777777778,1.8548387096774193,0.030407191961924908,./modules/rcpsp-instances/MSPSP/set-3b/inst_set1_sf0.5_nc1.9_n60_m38_00.dzn.txt
set-3b,62,4,38,115,0.5,0.05277777777777778,1.8548387096774193,0.030407191961924908,./modules/rcpsp-instances/MSPSP/set-3b/inst_set1_sf0.5_nc1.9_n60_m38_01.dzn.txt
set-3b,62,4,38,115,0.5,0.05277777777777778,1.8548387096774193,0.030407191961924908,./modules/rcpsp-instances/MSPSP/set-3b/inst_set1_sf0.5_nc1.9_n60_m38_02.dzn.txt
set-3b,62,4,38,115,0.5,0.05277777777777778,1.8548387096774193,0.030407191961924908,./modules/rcpsp-instances/MSPSP/set-3b/inst_set1_sf0.5_nc1.9_n60_m38_03.dzn.txt
set-3b,62,4,38,115,0.5,0.05277777777777778,1.8548387096774193,0.030407191961924908,./modules/rcpsp-instances/MSPSP/set-3b/inst_set1_sf0.5_nc1.9_n60_m38_04.dzn.txt
set-3b,62,4,38,115,0.5,0.05277777777777778,1.8548387096774193,0.030407191961924908,./modules/rcpsp-instances/MSPSP/set-3b/inst_set1_sf0.5_nc1.9_n60_m38_05.dzn.txt
set-3b,62,4,45,115,0.5,0.0625,1.8548387096774193,0.030407191961924908,./modules/rcpsp-instances/MSPSP/set-3b/inst_set1_sf0.5_nc1.9_n60_m45_00.dzn.txt
set-3b,62,4,45,115,0.5,0.0625,1.8548387096774193,0.030407191961924908,./modules/rcpsp-instances/MSPSP/set-3b/inst_set1_sf0.5_nc1.9_n60_m45_01.dzn.txt
set-3b,62,4,45,115,0.5,0.0625,1.8548387096774193,0.030407191961924908,./modules/rcpsp-instances/MSPSP/set-3b/inst_set1_sf0.5_nc1.9_n60_m45_02.dzn.txt
set-3b,62,4,45,115,0.5,0.0625,1.8548387096774193,0.030407191961924908,./modules/rcpsp-instances/MSPSP/set-3b/inst_set1_sf0.5_nc1.9_n60_m45_03.dzn.txt
set-3b,62,4,45,115,0.5,0.0625,1.8548387096774193,0.030407191961924908,./modules/rcpsp-instances/MSPSP/set-3b/inst_set1_sf0.5_nc1.9_n60_m45_04.dzn.txt
set-3b,62,4,45,115,0.5,0.0625,1.8548387096774193,0.030407191961924908,./modules/rcpsp-instances/MSPSP/set-3b/inst_set1_sf0.5_nc1.9_n60_m45_05.dzn.txt
set-3b,62,4,30,91,0.75,0.027777777777777776,1.467741935483871,0.024061343204653623,./modules/rcpsp-instances/MSPSP/set-3b/inst_set1_sf0.75_nc1.5_n60_m30_00.dzn.txt
set-3b,62,4,30,91,0.75,0.027777777777777776,1.467741935483871,0.024061343204653623,./modules/rcpsp-instances/MSPSP/set-3b/inst_set1_sf0.75_nc1.5_n60_m30_01.dzn.txt
set-3b,62,4,30,91,0.75,0.027777777777777776,1.467741935483871,0.024061343204653623,./modules/rcpsp-instances/MSPSP/set-3b/inst_set1_sf0.75_nc1.5_n60_m30_02.dzn.txt
set-3b,62,4,30,91,0.75,0.027777777777777776,1.467741935483871,0.024061343204653623,./modules/rcpsp-instances/MSPSP/set-3b/inst_set1_sf0.75_nc1.5_n60_m30_03.dzn.txt
set-3b,62,4,30,91,0.75,0.027777777777777776,1.467741935483871,0.024061343204653623,./modules/rcpsp-instances/MSPSP/set-3b/inst_set1_sf0.75_nc1.5_n60_m30_04.dzn.txt
set-3b,62,4,30,91,0.75,0.027777777777777776,1.467741935483871,0.024061343204653623,./modules/rcpsp-instances/MSPSP/set-3b/inst_set1_sf0.75_nc1.5_n60_m30_05.dzn.txt
set-3b,62,4,38,91,0.75,0.03518518518518519,1.467741935483871,0.024061343204653623,./modules/rcpsp-instances/MSPSP/set-3b/inst_set1_sf0.75_nc1.5_n60_m38_00.dzn.txt
set-3b,62,4,38,91,0.75,0.03518518518518519,1.467741935483871,0.024061343204653623,./modules/rcpsp-instances/MSPSP/set-3b/inst_set1_sf0.75_nc1.5_n60_m38_01.dzn.txt
set-3b,62,4,38,91,0.75,0.03518518518518519,1.467741935483871,0.024061343204653623,./modules/rcpsp-instances/MSPSP/set-3b/inst_set1_sf0.75_nc1.5_n60_m38_02.dzn.txt
set-3b,62,4,38,91,0.75,0.03518518518518519,1.467741935483871,0.024061343204653623,./modules/rcpsp-instances/MSPSP/set-3b/inst_set1_sf0.75_nc1.5_n60_m38_03.dzn.txt
set-3b,62,4,38,91,0.75,0.03518518518518519,1.467741935483871,0.024061343204653623,./modules/rcpsp-instances/MSPSP/set-3b/inst_set1_sf0.75_nc1.5_n60_m38_04.dzn.txt
set-3b,62,4,38,91,0.75,0.03518518518518519,1.467741935483871,0.024061343204653623,./modules/rcpsp-instances/MSPSP/set-3b/inst_set1_sf0.75_nc1.5_n60_m38_05.dzn.txt
set-3b,62,4,45,91,0.75,0.041666666666666664,1.467741935483871,0.024061343204653623,./modules/rcpsp-instances/MSPSP/set-3b/inst_set1_sf0.75_nc1.5_n60_m45_00.dzn.txt
set-3b,62,4,45,91,0.75,0.041666666666666664,1.467741935483871,0.024061343204653623,./modules/rcpsp-instances/MSPSP/set-3b/inst_set1_sf0.75_nc1.5_n60_m45_01.dzn.txt
set-3b,62,4,45,91,0.75,0.041666666666666664,1.467741935483871,0.024061343204653623,./modules/rcpsp-instances/MSPSP/set-3b/inst_set1_sf0.75_nc1.5_n60_m45_02.dzn.txt
set-3b,62,4,45,91,0.75,0.041666666666666664,1.467741935483871,0.024061343204653623,./modules/rcpsp-instances/MSPSP/set-3b/inst_set1_sf0.75_nc1.5_n60_m45_03.dzn.txt
set-3b,62,4,45,91,0.75,0.041666666666666664,1.467741935483871,0.024061343204653623,./modules/rcpsp-instances/MSPSP/set-3b/inst_set1_sf0.75_nc1.5_n60_m45_04.dzn.txt
set-3b,62,4,45,91,0.75,0.041666666666666664,1.467741935483871,0.024061343204653623,./modules/rcpsp-instances/MSPSP/set-3b/inst_set1_sf0.75_nc1.5_n60_m45_05.dzn.txt
set-3b,62,4,30,103,0.75,0.027777777777777776,1.6612903225806452,0.027234267583289264,./modules/rcpsp-instances/MSPSP/set-3b/inst_set1_sf0.75_nc1.7_n60_m30_00.dzn.txt
set-3b,62,4,30,103,0.75,0.027777777777777776,1.6612903225806452,0.027234267583289264,./modules/rcpsp-instances/MSPSP/set-3b/inst_set1_sf0.75_nc1.7_n60_m30_01.dzn.txt
set-3b,62,4,30,103,0.75,0.027777777777777776,1.6612903225806452,0.027234267583289264,./modules/rcpsp-instances/MSPSP/set-3b/inst_set1_sf0.75_nc1.7_n60_m30_02.dzn.txt
set-3b,62,4,30,103,0.75,0.027777777777777776,1.6612903225806452,0.027234267583289264,./modules/rcpsp-instances/MSPSP/set-3b/inst_set1_sf0.75_nc1.7_n60_m30_03.dzn.txt
set-3b,62,4,30,103,0.75,0.027777777777777776,1.6612903225806452,0.027234267583289264,./modules/rcpsp-instances/MSPSP/set-3b/inst_set1_sf0.75_nc1.7_n60_m30_04.dzn.txt
set-3b,62,4,30,103,0.75,0.027777777777777776,1.6612903225806452,0.027234267583289264,./modules/rcpsp-instances/MSPSP/set-3b/inst_set1_sf0.75_nc1.7_n60_m30_05.dzn.txt
set-3b,62,4,38,103,0.75,0.03518518518518519,1.6612903225806452,0.027234267583289264,./modules/rcpsp-instances/MSPSP/set-3b/inst_set1_sf0.75_nc1.7_n60_m38_00.dzn.txt
set-3b,62,4,38,103,0.75,0.03518518518518519,1.6612903225806452,0.027234267583289264,./modules/rcpsp-instances/MSPSP/set-3b/inst_set1_sf0.75_nc1.7_n60_m38_01.dzn.txt
set-3b,62,4,38,103,0.75,0.03518518518518519,1.6612903225806452,0.027234267583289264,./modules/rcpsp-instances/MSPSP/set-3b/inst_set1_sf0.75_nc1.7_n60_m38_02.dzn.txt
set-3b,62,4,38,103,0.75,0.03518518518518519,1.6612903225806452,0.027234267583289264,./modules/rcpsp-instances/MSPSP/set-3b/inst_set1_sf0.75_nc1.7_n60_m38_03.dzn.txt
set-3b,62,4,38,103,0.75,0.03518518518518519,1.6612903225806452,0.027234267583289264,./modules/rcpsp-instances/MSPSP/set-3b/inst_set1_sf0.75_nc1.7_n60_m38_04.dzn.txt
set-3b,62,4,38,103,0.75,0.03518518518518519,1.6612903225806452,0.027234267583289264,./modules/rcpsp-instances/MSPSP/set-3b/inst_set1_sf0.75_nc1.7_n60_m38_05.dzn.txt
set-3b,62,4,45,103,0.75,0.041666666666666664,1.6612903225806452,0.027234267583289264,./modules/rcpsp-instances/MSPSP/set-3b/inst_set1_sf0.75_nc1.7_n60_m45_00.dzn.txt
set-3b,62,4,45,103,0.75,0.041666666666666664,1.6612903225806452,0.027234267583289264,./modules/rcpsp-instances/MSPSP/set-3b/inst_set1_sf0.75_nc1.7_n60_m45_01.dzn.txt
set-3b,62,4,45,103,0.75,0.041666666666666664,1.6612903225806452,0.027234267583289264,./modules/rcpsp-instances/MSPSP/set-3b/inst_set1_sf0.75_nc1.7_n60_m45_02.dzn.txt
set-3b,62,4,45,103,0.75,0.041666666666666664,1.6612903225806452,0.027234267583289264,./modules/rcpsp-instances/MSPSP/set-3b/inst_set1_sf0.75_nc1.7_n60_m45_03.dzn.txt
set-3b,62,4,45,103,0.75,0.041666666666666664,1.6612903225806452,0.027234267583289264,./modules/rcpsp-instances/MSPSP/set-3b/inst_set1_sf0.75_nc1.7_n60_m45_04.dzn.txt
set-3b,62,4,45,103,0.75,0.041666666666666664,1.6612903225806452,0.027234267583289264,./modules/rcpsp-instances/MSPSP/set-3b/inst_set1_sf0.75_nc1.7_n60_m45_05.dzn.txt
set-3b,62,4,30,115,0.75,0.027777777777777776,1.8548387096774193,0.030407191961924908,./modules/rcpsp-instances/MSPSP/set-3b/inst_set1_sf0.75_nc1.9_n60_m30_00.dzn.txt
set-3b,62,4,30,115,0.75,0.027777777777777776,1.8548387096774193,0.030407191961924908,./modules/rcpsp-instances/MSPSP/set-3b/inst_set1_sf0.75_nc1.9_n60_m30_01.dzn.txt
set-3b,62,4,30,115,0.75,0.027777777777777776,1.8548387096774193,0.030407191961924908,./modules/rcpsp-instances/MSPSP/set-3b/inst_set1_sf0.75_nc1.9_n60_m30_02.dzn.txt
set-3b,62,4,30,115,0.75,0.027777777777777776,1.8548387096774193,0.030407191961924908,./modules/rcpsp-instances/MSPSP/set-3b/inst_set1_sf0.75_nc1.9_n60_m30_03.dzn.txt
set-3b,62,4,30,115,0.75,0.027777777777777776,1.8548387096774193,0.030407191961924908,./modules/rcpsp-instances/MSPSP/set-3b/inst_set1_sf0.75_nc1.9_n60_m30_04.dzn.txt
set-3b,62,4,30,115,0.75,0.027777777777777776,1.8548387096774193,0.030407191961924908,./modules/rcpsp-instances/MSPSP/set-3b/inst_set1_sf0.75_nc1.9_n60_m30_05.dzn.txt
set-3b,62,4,38,115,0.75,0.03518518518518519,1.8548387096774193,0.030407191961924908,./modules/rcpsp-instances/MSPSP/set-3b/inst_set1_sf0.75_nc1.9_n60_m38_00.dzn.txt
set-3b,62,4,38,115,0.75,0.03518518518518519,1.8548387096774193,0.030407191961924908,./modules/rcpsp-instances/MSPSP/set-3b/inst_set1_sf0.75_nc1.9_n60_m38_01.dzn.txt
set-3b,62,4,38,115,0.75,0.03518518518518519,1.8548387096774193,0.030407191961924908,./modules/rcpsp-instances/MSPSP/set-3b/inst_set1_sf0.75_nc1.9_n60_m38_02.dzn.txt
set-3b,62,4,38,115,0.75,0.03518518518518519,1.8548387096774193,0.030407191961924908,./modules/rcpsp-instances/MSPSP/set-3b/inst_set1_sf0.75_nc1.9_n60_m38_03.dzn.txt
set-3b,62,4,38,115,0.75,0.03518518518518519,1.8548387096774193,0.030407191961924908,./modules/rcpsp-instances/MSPSP/set-3b/inst_set1_sf0.75_nc1.9_n60_m38_04.dzn.txt
set-3b,62,4,38,115,0.75,0.03518518518518519,1.8548387096774193,0.030407191961924908,./modules/rcpsp-instances/MSPSP/set-3b/inst_set1_sf0.75_nc1.9_n60_m38_05.dzn.txt
set-3b,62,4,45,115,0.75,0.041666666666666664,1.8548387096774193,0.030407191961924908,./modules/rcpsp-instances/MSPSP/set-3b/inst_set1_sf0.75_nc1.9_n60_m45_00.dzn.txt
set-3b,62,4,45,115,0.75,0.041666666666666664,1.8548387096774193,0.030407191961924908,./modules/rcpsp-instances/MSPSP/set-3b/inst_set1_sf0.75_nc1.9_n60_m45_01.dzn.txt
set-3b,62,4,45,115,0.75,0.041666666666666664,1.8548387096774193,0.030407191961924908,./modules/rcpsp-instances/MSPSP/set-3b/inst_set1_sf0.75_nc1.9_n60_m45_02.dzn.txt
set-3b,62,4,45,115,0.75,0.041666666666666664,1.8548387096774193,0.030407191961924908,./modules/rcpsp-instances/MSPSP/set-3b/inst_set1_sf0.75_nc1.9_n60_m45_03.dzn.txt
set-3b,62,4,45,115,0.75,0.041666666666666664,1.8548387096774193,0.030407191961924908,./modules/rcpsp-instances/MSPSP/set-3b/inst_set1_sf0.75_nc1.9_n60_m45_04.dzn.txt
set-3b,62,4,45,115,0.75,0.041666666666666664,1.8548387096774193,0.030407191961924908,./modules/rcpsp-instances/MSPSP/set-3b/inst_set1_sf0.75_nc1.9_n60_m45_05.dzn.txt
set-3b,62,4,30,91,0.7125,0.029239766081871343,1.467741935483871,0.024061343204653623,./modules/rcpsp-instances/MSPSP/set-3b/inst_set1_sf0_nc1.5_n60_m30_00.dzn.txt
set-3b,62,4,30,91,0.7958333333333333,0.02617801047120419,1.467741935483871,0.024061343204653623,./modules/rcpsp-instances/MSPSP/set-3b/inst_set1_sf0_nc1.5_n60_m30_01.dzn.txt
set-3b,62,4,30,91,0.7166666666666667,0.029069767441860465,1.467741935483871,0.024061343204653623,./modules/rcpsp-instances/MSPSP/set-3b/inst_set1_sf0_nc1.5_n60_m30_02.dzn.txt
set-3b,62,4,30,91,0.7708333333333334,0.02702702702702703,1.467741935483871,0.024061343204653623,./modules/rcpsp-instances/MSPSP/set-3b/inst_set1_sf0_nc1.5_n60_m30_03.dzn.txt
set-3b,62,4,30,91,0.7541666666666667,0.027624309392265192,1.467741935483871,0.024061343204653623,./modules/rcpsp-instances/MSPSP/set-3b/inst_set1_sf0_nc1.5_n60_m30_04.dzn.txt
set-3b,62,4,30,91,0.75,0.027777777777777776,1.467741935483871,0.024061343204653623,./modules/rcpsp-instances/MSPSP/set-3b/inst_set1_sf0_nc1.5_n60_m30_05.dzn.txt
set-3b,62,4,38,91,0.7625,0.03460837887067395,1.467741935483871,0.024061343204653623,./modules/rcpsp-instances/MSPSP/set-3b/inst_set1_sf0_nc1.5_n60_m38_00.dzn.txt
set-3b,62,4,38,91,0.75,0.03518518518518519,1.467741935483871,0.024061343204653623,./modules/rcpsp-instances/MSPSP/set-3b/inst_set1_sf0_nc1.5_n60_m38_01.dzn.txt
set-3b,62,4,38,91,0.7708333333333334,0.03423423423423423,1.467741935483871,0.024061343204653623,./modules/rcpsp-instances/MSPSP/set-3b/inst_set1_sf0_nc1.5_n60_m38_02.dzn.txt
set-3b,62,4,38,91,0.75,0.03518518518518519,1.467741935483871,0.024061343204653623,./modules/rcpsp-instances/MSPSP/set-3b/inst_set1_sf0_nc1.5_n60_m38_03.dzn.txt
set-3b,62,4,38,91,0.7958333333333333,0.03315881326352531,1.467741935483871,0.024061343204653623,./modules/rcpsp-instances/MSPSP/set-3b/inst_set1_sf0_nc1.5_n60_m38_04.dzn.txt
set-3b,62,4,38,91,0.7291666666666666,0.03619047619047619,1.467741935483871,0.024061343204653623,./modules/rcpsp-instances/MSPSP/set-3b/inst_set1_sf0_nc1.5_n60_m38_05.dzn.txt
set-3b,62,4,45,91,0.7708333333333334,0.04054054054054054,1.467741935483871,0.024061343204653623,./modules/rcpsp-instances/MSPSP/set-3b/inst_set1_sf0_nc1.5_n60_m45_00.dzn.txt
set-3b,62,4,45,91,0.7208333333333333,0.04335260115606936,1.467741935483871,0.024061343204653623,./modules/rcpsp-instances/MSPSP/set-3b/inst_set1_sf0_nc1.5_n60_m45_01.dzn.txt
set-3b,62,4,45,91,0.75,0.041666666666666664,1.467741935483871,0.024061343204653623,./modules/rcpsp-instances/MSPSP/set-3b/inst_set1_sf0_nc1.5_n60_m45_02.dzn.txt
set-3b,62,4,45,91,0.75,0.041666666666666664,1.467741935483871,0.024061343204653623,./modules/rcpsp-instances/MSPSP/set-3b/inst_set1_sf0_nc1.5_n60_m45_03.dzn.txt
set-3b,62,4,45,91,0.7458333333333333,0.04189944134078212,1.467741935483871,0.024061343204653623,./modules/rcpsp-instances/MSPSP/set-3b/inst_set1_sf0_nc1.5_n60_m45_04.dzn.txt
set-3b,62,4,45,91,0.7708333333333334,0.04054054054054054,1.467741935483871,0.024061343204653623,./modules/rcpsp-instances/MSPSP/set-3b/inst_set1_sf0_nc1.5_n60_m45_05.dzn.txt
set-3b,62,4,30,103,0.7791666666666667,0.026737967914438502,1.6612903225806452,0.027234267583289264,./modules/rcpsp-instances/MSPSP/set-3b/inst_set1_sf0_nc1.7_n60_m30_00.dzn.txt
set-3b,62,4,30,103,0.7416666666666667,0.028089887640449437,1.6612903225806452,0.027234267583289264,./modules/rcpsp-instances/MSPSP/set-3b/inst_set1_sf0_nc1.7_n60_m30_01.dzn.txt
set-3b,62,4,30,103,0.725,0.028735632183908046,1.6612903225806452,0.027234267583289264,./modules/rcpsp-instances/MSPSP/set-3b/inst_set1_sf0_nc1.7_n60_m30_02.dzn.txt
set-3b,62,4,30,103,0.8,0.026041666666666668,1.6612903225806452,0.027234267583289264,./modules/rcpsp-instances/MSPSP/set-3b/inst_set1_sf0_nc1.7_n60_m30_03.dzn.txt
set-3b,62,4,30,103,0.7541666666666667,0.027624309392265192,1.6612903225806452,0.027234267583289264,./modules/rcpsp-instances/MSPSP/set-3b/inst_set1_sf0_nc1.7_n60_m30_04.dzn.txt
set-3b,62,4,30,103,0.7833333333333333,0.026595744680851064,1.6612903225806452,0.027234267583289264,./modules/rcpsp-instances/MSPSP/set-3b/inst_set1_sf0_nc1.7_n60_m30_05.dzn.txt
set-3b,62,4,38,103,0.7541666666666667,0.034990791896869246,1.6612903225806452,0.027234267583289264,./modules/rcpsp-instances/MSPSP/set-3b/inst_set1_sf0_nc1.7_n60_m38_00.dzn.txt
set-3b,62,4,38,103,0.7416666666666667,0.035580524344569285,1.6612903225806452,0.027234267583289264,./modules/rcpsp-instances/MSPSP/set-3b/inst_set1_sf0_nc1.7_n60_m38_01.dzn.txt
set-3b,62,4,38,103,0.7291666666666666,0.03619047619047619,1.6612903225806452,0.027234267583289264,./modules/rcpsp-instances/MSPSP/set-3b/inst_set1_sf0_nc1.7_n60_m38_02.dzn.txt
set-3b,62,4,38,103,0.7708333333333334,0.03423423423423423,1.6612903225806452,0.027234267583289264,./modules/rcpsp-instances/MSPSP/set-3b/inst_set1_sf0_nc1.7_n60_m38_03.dzn.txt
set-3b,62,4,38,103,0.7625,0.03460837887067395,1.6612903225806452,0.027234267583289264,./modules/rcpsp-instances/MSPSP/set-3b/inst_set1_sf0_nc1.7_n60_m38_04.dzn.txt
set-3b,62,4,38,103,0.7375,0.035781544256120526,1.6612903225806452,0.027234267583289264,./modules/rcpsp-instances/MSPSP/set-3b/inst_set1_sf0_nc1.7_n60_m38_05.dzn.txt
set-3b,62,4,45,103,0.7708333333333334,0.04054054054054054,1.6612903225806452,0.027234267583289264,./modules/rcpsp-instances/MSPSP/set-3b/inst_set1_sf0_nc1.7_n60_m45_00.dzn.txt
set-3b,62,4,45,103,0.7625,0.040983606557377046,1.6612903225806452,0.027234267583289264,./modules/rcpsp-instances/MSPSP/set-3b/inst_set1_sf0_nc1.7_n60_m45_01.dzn.txt
set-3b,62,4,45,103,0.7458333333333333,0.04189944134078212,1.6612903225806452,0.027234267583289264,./modules/rcpsp-instances/MSPSP/set-3b/inst_set1_sf0_nc1.7_n60_m45_02.dzn.txt
set-3b,62,4,45,103,0.7416666666666667,0.042134831460674156,1.6612903225806452,0.027234267583289264,./modules/rcpsp-instances/MSPSP/set-3b/inst_set1_sf0_nc1.7_n60_m45_03.dzn.txt
set-3b,62,4,45,103,0.75,0.041666666666666664,1.6612903225806452,0.027234267583289264,./modules/rcpsp-instances/MSPSP/set-3b/inst_set1_sf0_nc1.7_n60_m45_04.dzn.txt
set-3b,62,4,45,103,0.7708333333333334,0.04054054054054054,1.6612903225806452,0.027234267583289264,./modules/rcpsp-instances/MSPSP/set-3b/inst_set1_sf0_nc1.7_n60_m45_05.dzn.txt
set-3b,62,4,30,115,0.7166666666666667,0.029069767441860465,1.8548387096774193,0.030407191961924908,./modules/rcpsp-instances/MSPSP/set-3b/inst_set1_sf0_nc1.9_n60_m30_00.dzn.txt
set-3b,62,4,30,115,0.8041666666666667,0.025906735751295335,1.8548387096774193,0.030407191961924908,./modules/rcpsp-instances/MSPSP/set-3b/inst_set1_sf0_nc1.9_n60_m30_01.dzn.txt
set-3b,62,4,30,115,0.7208333333333333,0.028901734104046242,1.8548387096774193,0.030407191961924908,./modules/rcpsp-instances/MSPSP/set-3b/inst_set1_sf0_nc1.9_n60_m30_02.dzn.txt
set-3b,62,4,30,115,0.8291666666666667,0.02512562814070352,1.8548387096774193,0.030407191961924908,./modules/rcpsp-instances/MSPSP/set-3b/inst_set1_sf0_nc1.9_n60_m30_03.dzn.txt
set-3b,62,4,30,115,0.7333333333333333,0.028409090909090908,1.8548387096774193,0.030407191961924908,./modules/rcpsp-instances/MSPSP/set-3b/inst_set1_sf0_nc1.9_n60_m30_04.dzn.txt
set-3b,62,4,30,115,0.6666666666666666,0.03125,1.8548387096774193,0.030407191961924908,./modules/rcpsp-instances/MSPSP/set-3b/inst_set1_sf0_nc1.9_n60_m30_05.dzn.txt
set-3b,62,4,38,115,0.6916666666666667,0.03815261044176707,1.8548387096774193,0.030407191961924908,./modules/rcpsp-instances/MSPSP/set-3b/inst_set1_sf0_nc1.9_n60_m38_00.dzn.txt
set-3b,62,4,38,115,0.75,0.03518518518518519,1.8548387096774193,0.030407191961924908,./modules/rcpsp-instances/MSPSP/set-3b/inst_set1_sf0_nc1.9_n60_m38_01.dzn.txt
set-3b,62,4,38,115,0.75,0.03518518518518519,1.8548387096774193,0.030407191961924908,./modules/rcpsp-instances/MSPSP/set-3b/inst_set1_sf0_nc1.9_n60_m38_02.dzn.txt
set-3b,62,4,38,115,0.7458333333333333,0.035381750465549346,1.8548387096774193,0.030407191961924908,./modules/rcpsp-instances/MSPSP/set-3b/inst_set1_sf0_nc1.9_n60_m38_03.dzn.txt
set-3b,62,4,38,115,0.7208333333333333,0.036608863198458574,1.8548387096774193,0.030407191961924908,./modules/rcpsp-instances/MSPSP/set-3b/inst_set1_sf0_nc1.9_n60_m38_04.dzn.txt
set-3b,62,4,38,115,0.7208333333333333,0.036608863198458574,1.8548387096774193,0.030407191961924908,./modules/rcpsp-instances/MSPSP/set-3b/inst_set1_sf0_nc1.9_n60_m38_05.dzn.txt
set-3b,62,4,45,115,0.7791666666666667,0.040106951871657755,1.8548387096774193,0.030407191961924908,./modules/rcpsp-instances/MSPSP/set-3b/inst_set1_sf0_nc1.9_n60_m45_00.dzn.txt
set-3b,62,4,45,115,0.7875,0.03968253968253968,1.8548387096774193,0.030407191961924908,./modules/rcpsp-instances/MSPSP/set-3b/inst_set1_sf0_nc1.9_n60_m45_01.dzn.txt
set-3b,62,4,45,115,0.775,0.04032258064516129,1.8548387096774193,0.030407191961924908,./modules/rcpsp-instances/MSPSP/set-3b/inst_set1_sf0_nc1.9_n60_m45_02.dzn.txt
set-3b,62,4,45,115,0.7416666666666667,0.042134831460674156,1.8548387096774193,0.030407191961924908,./modules/rcpsp-instances/MSPSP/set-3b/inst_set1_sf0_nc1.9_n60_m45_03.dzn.txt
set-3b,62,4,45,115,0.7208333333333333,0.04335260115606936,1.8548387096774193,0.030407191961924908,./modules/rcpsp-instances/MSPSP/set-3b/inst_set1_sf0_nc1.9_n60_m45_04.dzn.txt
set-3b,62,4,45,115,0.75,0.041666666666666664,1.8548387096774193,0.030407191961924908,./modules/rcpsp-instances/MSPSP/set-3b/inst_set1_sf0_nc1.9_n60_m45_05.dzn.txt
set-3b,62,4,30,91,1.0,0.020833333333333332,1.467741935483871,0.024061343204653623,./modules/rcpsp-instances/MSPSP/set-3b/inst_set1_sf1_nc1.5_n60_m30_00.dzn.txt
set-3b,62,4,30,91,1.0,0.020833333333333332,1.467741935483871,0.024061343204653623,./modules/rcpsp-instances/MSPSP/set-3b/inst_set1_sf1_nc1.5_n60_m30_01.dzn.txt
set-3b,62,4,30,91,1.0,0.020833333333333332,1.467741935483871,0.024061343204653623,./modules/rcpsp-instances/MSPSP/set-3b/inst_set1_sf1_nc1.5_n60_m30_02.dzn.txt
set-3b,62,4,30,91,1.0,0.020833333333333332,1.467741935483871,0.024061343204653623,./modules/rcpsp-instances/MSPSP/set-3b/inst_set1_sf1_nc1.5_n60_m30_03.dzn.txt
set-3b,62,4,30,91,1.0,0.020833333333333332,1.467741935483871,0.024061343204653623,./modules/rcpsp-instances/MSPSP/set-3b/inst_set1_sf1_nc1.5_n60_m30_04.dzn.txt
set-3b,62,4,30,91,1.0,0.020833333333333332,1.467741935483871,0.024061343204653623,./modules/rcpsp-instances/MSPSP/set-3b/inst_set1_sf1_nc1.5_n60_m30_05.dzn.txt
set-3b,62,4,38,91,1.0,0.02638888888888889,1.467741935483871,0.024061343204653623,./modules/rcpsp-instances/MSPSP/set-3b/inst_set1_sf1_nc1.5_n60_m38_00.dzn.txt
set-3b,62,4,38,91,1.0,0.02638888888888889,1.467741935483871,0.024061343204653623,./modules/rcpsp-instances/MSPSP/set-3b/inst_set1_sf1_nc1.5_n60_m38_01.dzn.txt
set-3b,62,4,38,91,1.0,0.02638888888888889,1.467741935483871,0.024061343204653623,./modules/rcpsp-instances/MSPSP/set-3b/inst_set1_sf1_nc1.5_n60_m38_02.dzn.txt
set-3b,62,4,38,91,1.0,0.02638888888888889,1.467741935483871,0.024061343204653623,./modules/rcpsp-instances/MSPSP/set-3b/inst_set1_sf1_nc1.5_n60_m38_03.dzn.txt
set-3b,62,4,38,91,1.0,0.02638888888888889,1.467741935483871,0.024061343204653623,./modules/rcpsp-instances/MSPSP/set-3b/inst_set1_sf1_nc1.5_n60_m38_04.dzn.txt
set-3b,62,4,38,91,1.0,0.02638888888888889,1.467741935483871,0.024061343204653623,./modules/rcpsp-instances/MSPSP/set-3b/inst_set1_sf1_nc1.5_n60_m38_05.dzn.txt
set-3b,62,4,45,91,1.0,0.03125,1.467741935483871,0.024061343204653623,./modules/rcpsp-instances/MSPSP/set-3b/inst_set1_sf1_nc1.5_n60_m45_00.dzn.txt
set-3b,62,4,45,91,1.0,0.03125,1.467741935483871,0.024061343204653623,./modules/rcpsp-instances/MSPSP/set-3b/inst_set1_sf1_nc1.5_n60_m45_01.dzn.txt
set-3b,62,4,45,91,1.0,0.03125,1.467741935483871,0.024061343204653623,./modules/rcpsp-instances/MSPSP/set-3b/inst_set1_sf1_nc1.5_n60_m45_02.dzn.txt
set-3b,62,4,45,91,1.0,0.03125,1.467741935483871,0.024061343204653623,./modules/rcpsp-instances/MSPSP/set-3b/inst_set1_sf1_nc1.5_n60_m45_03.dzn.txt
set-3b,62,4,45,91,1.0,0.03125,1.467741935483871,0.024061343204653623,./modules/rcpsp-instances/MSPSP/set-3b/inst_set1_sf1_nc1.5_n60_m45_04.dzn.txt
set-3b,62,4,45,91,1.0,0.03125,1.467741935483871,0.024061343204653623,./modules/rcpsp-instances/MSPSP/set-3b/inst_set1_sf1_nc1.5_n60_m45_05.dzn.txt
set-3b,62,4,30,103,1.0,0.020833333333333332,1.6612903225806452,0.027234267583289264,./modules/rcpsp-instances/MSPSP/set-3b/inst_set1_sf1_nc1.7_n60_m30_00.dzn.txt
set-3b,62,4,30,103,1.0,0.020833333333333332,1.6612903225806452,0.027234267583289264,./modules/rcpsp-instances/MSPSP/set-3b/inst_set1_sf1_nc1.7_n60_m30_01.dzn.txt
set-3b,62,4,30,103,1.0,0.020833333333333332,1.6612903225806452,0.027234267583289264,./modules/rcpsp-instances/MSPSP/set-3b/inst_set1_sf1_nc1.7_n60_m30_02.dzn.txt
set-3b,62,4,30,103,1.0,0.020833333333333332,1.6612903225806452,0.027234267583289264,./modules/rcpsp-instances/MSPSP/set-3b/inst_set1_sf1_nc1.7_n60_m30_03.dzn.txt
set-3b,62,4,30,103,1.0,0.020833333333333332,1.6612903225806452,0.027234267583289264,./modules/rcpsp-instances/MSPSP/set-3b/inst_set1_sf1_nc1.7_n60_m30_04.dzn.txt
set-3b,62,4,30,103,1.0,0.020833333333333332,1.6612903225806452,0.027234267583289264,./modules/rcpsp-instances/MSPSP/set-3b/inst_set1_sf1_nc1.7_n60_m30_05.dzn.txt
set-3b,62,4,38,103,1.0,0.02638888888888889,1.6612903225806452,0.027234267583289264,./modules/rcpsp-instances/MSPSP/set-3b/inst_set1_sf1_nc1.7_n60_m38_00.dzn.txt
set-3b,62,4,38,103,1.0,0.02638888888888889,1.6612903225806452,0.027234267583289264,./modules/rcpsp-instances/MSPSP/set-3b/inst_set1_sf1_nc1.7_n60_m38_01.dzn.txt
set-3b,62,4,38,103,1.0,0.02638888888888889,1.6612903225806452,0.027234267583289264,./modules/rcpsp-instances/MSPSP/set-3b/inst_set1_sf1_nc1.7_n60_m38_02.dzn.txt
set-3b,62,4,38,103,1.0,0.02638888888888889,1.6612903225806452,0.027234267583289264,./modules/rcpsp-instances/MSPSP/set-3b/inst_set1_sf1_nc1.7_n60_m38_03.dzn.txt
set-3b,62,4,38,103,1.0,0.02638888888888889,1.6612903225806452,0.027234267583289264,./modules/rcpsp-instances/MSPSP/set-3b/inst_set1_sf1_nc1.7_n60_m38_04.dzn.txt
set-3b,62,4,38,103,1.0,0.02638888888888889,1.6612903225806452,0.027234267583289264,./modules/rcpsp-instances/MSPSP/set-3b/inst_set1_sf1_nc1.7_n60_m38_05.dzn.txt
set-3b,62,4,45,103,1.0,0.03125,1.6612903225806452,0.027234267583289264,./modules/rcpsp-instances/MSPSP/set-3b/inst_set1_sf1_nc1.7_n60_m45_00.dzn.txt
set-3b,62,4,45,103,1.0,0.03125,1.6612903225806452,0.027234267583289264,./modules/rcpsp-instances/MSPSP/set-3b/inst_set1_sf1_nc1.7_n60_m45_01.dzn.txt
set-3b,62,4,45,103,1.0,0.03125,1.6612903225806452,0.027234267583289264,./modules/rcpsp-instances/MSPSP/set-3b/inst_set1_sf1_nc1.7_n60_m45_02.dzn.txt
set-3b,62,4,45,103,1.0,0.03125,1.6612903225806452,0.027234267583289264,./modules/rcpsp-instances/MSPSP/set-3b/inst_set1_sf1_nc1.7_n60_m45_03.dzn.txt
set-3b,62,4,45,103,1.0,0.03125,1.6612903225806452,0.027234267583289264,./modules/rcpsp-instances/MSPSP/set-3b/inst_set1_sf1_nc1.7_n60_m45_04.dzn.txt
set-3b,62,4,45,103,1.0,0.03125,1.6612903225806452,0.027234267583289264,./modules/rcpsp-instances/MSPSP/set-3b/inst_set1_sf1_nc1.7_n60_m45_05.dzn.txt
set-3b,62,4,30,115,1.0,0.020833333333333332,1.8548387096774193,0.030407191961924908,./modules/rcpsp-instances/MSPSP/set-3b/inst_set1_sf1_nc1.9_n60_m30_00.dzn.txt
set-3b,62,4,30,115,1.0,0.020833333333333332,1.8548387096774193,0.030407191961924908,./modules/rcpsp-instances/MSPSP/set-3b/inst_set1_sf1_nc1.9_n60_m30_01.dzn.txt
set-3b,62,4,30,115,1.0,0.020833333333333332,1.8548387096774193,0.030407191961924908,./modules/rcpsp-instances/MSPSP/set-3b/inst_set1_sf1_nc1.9_n60_m30_02.dzn.txt
set-3b,62,4,30,115,1.0,0.020833333333333332,1.8548387096774193,0.030407191961924908,./modules/rcpsp-instances/MSPSP/set-3b/inst_set1_sf1_nc1.9_n60_m30_03.dzn.txt
set-3b,62,4,30,115,1.0,0.020833333333333332,1.8548387096774193,0.030407191961924908,./modules/rcpsp-instances/MSPSP/set-3b/inst_set1_sf1_nc1.9_n60_m30_04.dzn.txt
set-3b,62,4,30,115,1.0,0.020833333333333332,1.8548387096774193,0.030407191961924908,./modules/rcpsp-instances/MSPSP/set-3b/inst_set1_sf1_nc1.9_n60_m30_05.dzn.txt
set-3b,62,4,38,115,1.0,0.02638888888888889,1.8548387096774193,0.030407191961924908,./modules/rcpsp-instances/MSPSP/set-3b/inst_set1_sf1_nc1.9_n60_m38_00.dzn.txt
set-3b,62,4,38,115,1.0,0.02638888888888889,1.8548387096774193,0.030407191961924908,./modules/rcpsp-instances/MSPSP/set-3b/inst_set1_sf1_nc1.9_n60_m38_01.dzn.txt
set-3b,62,4,38,115,1.0,0.02638888888888889,1.8548387096774193,0.030407191961924908,./modules/rcpsp-instances/MSPSP/set-3b/inst_set1_sf1_nc1.9_n60_m38_02.dzn.txt
set-3b,62,4,38,115,1.0,0.02638888888888889,1.8548387096774193,0.030407191961924908,./modules/rcpsp-instances/MSPSP/set-3b/inst_set1_sf1_nc1.9_n60_m38_03.dzn.txt
set-3b,62,4,38,115,1.0,0.02638888888888889,1.8548387096774193,0.030407191961924908,./modules/rcpsp-instances/MSPSP/set-3b/inst_set1_sf1_nc1.9_n60_m38_04.dzn.txt
set-3b,62,4,38,115,1.0,0.02638888888888889,1.8548387096774193,0.030407191961924908,./modules/rcpsp-instances/MSPSP/set-3b/inst_set1_sf1_nc1.9_n60_m38_05.dzn.txt
set-3b,62,4,45,115,1.0,0.03125,1.8548387096774193,0.030407191961924908,./modules/rcpsp-instances/MSPSP/set-3b/inst_set1_sf1_nc1.9_n60_m45_00.dzn.txt
set-3b,62,4,45,115,1.0,0.03125,1.8548387096774193,0.030407191961924908,./modules/rcpsp-instances/MSPSP/set-3b/inst_set1_sf1_nc1.9_n60_m45_01.dzn.txt
set-3b,62,4,45,115,1.0,0.03125,1.8548387096774193,0.030407191961924908,./modules/rcpsp-instances/MSPSP/set-3b/inst_set1_sf1_nc1.9_n60_m45_02.dzn.txt
set-3b,62,4,45,115,1.0,0.03125,1.8548387096774193,0.030407191961924908,./modules/rcpsp-instances/MSPSP/set-3b/inst_set1_sf1_nc1.9_n60_m45_03.dzn.txt
set-3b,62,4,45,115,1.0,0.03125,1.8548387096774193,0.030407191961924908,./modules/rcpsp-instances/MSPSP/set-3b/inst_set1_sf1_nc1.9_n60_m45_04.dzn.txt
set-3b,62,4,45,115,1.0,0.03125,1.8548387096774193,0.030407191961924908,./modules/rcpsp-instances/MSPSP/set-3b/inst_set1_sf1_nc1.9_n60_m45_05.dzn.txt
